,lr_pair,pathway,X_DARK_score,X_PALE_score,X_PALE2WEAK_score,X_WEAK2STRONG_score
TGFB1_TGFBR1_TGFBR2,TGFB1_TGFBR1_TGFBR2,TGFb,0.0028852,0.00063404,0.00062559,0.001035604
TGFB2_TGFBR1_TGFBR2,TGFB2_TGFBR1_TGFBR2,TGFb,0,0,2.23E-05,0
TGFB3_TGFBR1_TGFBR2,TGFB3_TGFBR1_TGFBR2,TGFb,0.000696428,0.000554785,0.000335137,0.000376583
TGFB1_ACVR1B_TGFBR2,TGFB1_ACVR1B_TGFBR2,TGFb,0.0028852,0.00063404,0.00062559,0.001035604
TGFB1_ACVR1C_TGFBR2,TGFB1_ACVR1C_TGFBR2,TGFb,0.002157402,0.000356648,0.00044685,0.001035604
TGFB2_ACVR1B_TGFBR2,TGFB2_ACVR1B_TGFBR2,TGFb,0,0,2.23E-05,0
TGFB2_ACVR1C_TGFBR2,TGFB2_ACVR1C_TGFBR2,TGFb,0,0,1.60E-05,0
TGFB3_ACVR1B_TGFBR2,TGFB3_ACVR1B_TGFBR2,TGFb,0.000696428,0.000554785,0.000335137,0.000376583
TGFB3_ACVR1C_TGFBR2,TGFB3_ACVR1C_TGFBR2,TGFb,0.000520752,0.000312067,0.000239384,0.000376583
TGFB1_ACVR1_TGFBR1,TGFB1_ACVR1_TGFBR1,TGFb,0.001793503,0.001089756,0.002167222,0.002965594
TGFB2_ACVR1_TGFBR1,TGFB2_ACVR1_TGFBR1,TGFb,0,0,7.74E-05,0
TGFB3_ACVR1_TGFBR1,TGFB3_ACVR1_TGFBR1,TGFb,0.000432914,0.000953537,0.001161012,0.001078398
BMP2_BMPR1A_ACVR2A,BMP2_BMPR1A_ACVR2A,BMP,0,0,0,0
BMP2_BMPR1A_ACVR2B,BMP2_BMPR1A_ACVR2B,BMP,0,0,0,0
BMP2_BMPR1A_BMPR2,BMP2_BMPR1A_BMPR2,BMP,0,0,0,0
BMP2_BMPR1B_ACVR2A,BMP2_BMPR1B_ACVR2A,BMP,0,0,0,0
BMP2_BMPR1B_ACVR2B,BMP2_BMPR1B_ACVR2B,BMP,0,0,0,0
BMP2_BMPR1B_BMPR2,BMP2_BMPR1B_BMPR2,BMP,0,0,0,0
BMP4_BMPR1A_ACVR2A,BMP4_BMPR1A_ACVR2A,BMP,0,0,0,0
BMP4_BMPR1A_ACVR2B,BMP4_BMPR1A_ACVR2B,BMP,0,0,0,0
BMP4_BMPR1A_BMPR2,BMP4_BMPR1A_BMPR2,BMP,0,0,0,0
BMP4_BMPR1B_ACVR2A,BMP4_BMPR1B_ACVR2A,BMP,0,0,0,0
BMP4_BMPR1B_ACVR2B,BMP4_BMPR1B_ACVR2B,BMP,0,0,0,0
BMP4_BMPR1B_BMPR2,BMP4_BMPR1B_BMPR2,BMP,0,0,0,0
GDF5_BMPR1A_ACVR2A,GDF5_BMPR1A_ACVR2A,BMP,0,0,0,0
GDF5_BMPR1A_ACVR2B,GDF5_BMPR1A_ACVR2B,BMP,0,0,0,0
GDF5_BMPR1A_BMPR2,GDF5_BMPR1A_BMPR2,BMP,0,0,0,0
GDF5_BMPR1B_ACVR2A,GDF5_BMPR1B_ACVR2A,BMP,0,0,0,0
GDF5_BMPR1B_ACVR2B,GDF5_BMPR1B_ACVR2B,BMP,0,0,0,0
GDF5_BMPR1B_BMPR2,GDF5_BMPR1B_BMPR2,BMP,0,0,0,0
GDF6_BMPR1A_ACVR2A,GDF6_BMPR1A_ACVR2A,BMP,0,0,0,0
GDF6_BMPR1A_ACVR2B,GDF6_BMPR1A_ACVR2B,BMP,0,0,0,0
GDF6_BMPR1A_BMPR2,GDF6_BMPR1A_BMPR2,BMP,0,0,0,0
GDF6_BMPR1B_ACVR2A,GDF6_BMPR1B_ACVR2A,BMP,0,0,0,0
GDF6_BMPR1B_ACVR2B,GDF6_BMPR1B_ACVR2B,BMP,0,0,0,0
GDF6_BMPR1B_BMPR2,GDF6_BMPR1B_BMPR2,BMP,0,0,0,0
GDF7_BMPR1A_ACVR2A,GDF7_BMPR1A_ACVR2A,BMP,0,0,0,0
GDF7_BMPR1A_ACVR2B,GDF7_BMPR1A_ACVR2B,BMP,0,0,0,0
GDF7_BMPR1A_BMPR2,GDF7_BMPR1A_BMPR2,BMP,0,0,0,0
GDF7_BMPR1B_ACVR2A,GDF7_BMPR1B_ACVR2A,BMP,0,0,0,0
GDF7_BMPR1B_ACVR2B,GDF7_BMPR1B_ACVR2B,BMP,0,0,0,0
GDF7_BMPR1B_BMPR2,GDF7_BMPR1B_BMPR2,BMP,0,0,0,0
BMP5_ACVR1_ACVR2A,BMP5_ACVR1_ACVR2A,BMP,6.18E-05,0,7.74E-05,0
BMP5_ACVR1_ACVR2B,BMP5_ACVR1_ACVR2B,BMP,5.02E-05,0,6.78E-05,0
BMP5_ACVR1_BMPR2,BMP5_ACVR1_BMPR2,BMP,6.18E-05,0,7.74E-05,0
BMP5_BMPR1A_ACVR2A,BMP5_BMPR1A_ACVR2A,BMP,0.000286817,0,0.000522655,0
BMP5_BMPR1A_ACVR2B,BMP5_BMPR1A_ACVR2B,BMP,5.02E-05,0,6.78E-05,0
BMP5_BMPR1A_BMPR2,BMP5_BMPR1A_BMPR2,BMP,0.000286817,0,0.000343915,0
BMP5_BMPR1B_ACVR2A,BMP5_BMPR1B_ACVR2A,BMP,3.50E-05,0,2.87E-05,0
BMP5_BMPR1B_ACVR2B,BMP5_BMPR1B_ACVR2B,BMP,3.50E-05,0,2.87E-05,0
BMP5_BMPR1B_BMPR2,BMP5_BMPR1B_BMPR2,BMP,3.50E-05,0,2.87E-05,0
BMP6_ACVR1_ACVR2A,BMP6_ACVR1_ACVR2A,BMP,0.000371069,0.000204329,0.000154802,0
BMP6_ACVR1_ACVR2B,BMP6_ACVR1_ACVR2B,BMP,0.000301158,0.000174609,0.000135651,0
BMP6_ACVR1_BMPR2,BMP6_ACVR1_BMPR2,BMP,0.000371069,0.000204329,0.000154802,0
BMP6_BMPR1A_ACVR2A,BMP6_BMPR1A_ACVR2A,BMP,0.001720902,0.001203685,0.00104531,0
BMP6_BMPR1A_ACVR2B,BMP6_BMPR1A_ACVR2B,BMP,0.000301158,0.000174609,0.000135651,0
BMP6_BMPR1A_BMPR2,BMP6_BMPR1A_BMPR2,BMP,0.001720902,0.001203685,0.00068783,0
BMP6_BMPR1B_ACVR2A,BMP6_BMPR1B_ACVR2A,BMP,0.000209735,0.000126313,5.75E-05,0
BMP6_BMPR1B_ACVR2B,BMP6_BMPR1B_ACVR2B,BMP,0.000209735,0.000126313,5.75E-05,0
BMP6_BMPR1B_BMPR2,BMP6_BMPR1B_BMPR2,BMP,0.000209735,0.000126313,5.75E-05,0
BMP7_ACVR1_ACVR2A,BMP7_ACVR1_ACVR2A,BMP,0,0,0,0
BMP7_ACVR1_ACVR2B,BMP7_ACVR1_ACVR2B,BMP,0,0,0,0
BMP7_ACVR1_BMPR2,BMP7_ACVR1_BMPR2,BMP,0,0,0,0
BMP7_BMPR1A_ACVR2A,BMP7_BMPR1A_ACVR2A,BMP,0,0,0,0
BMP7_BMPR1A_ACVR2B,BMP7_BMPR1A_ACVR2B,BMP,0,0,0,0
BMP7_BMPR1A_BMPR2,BMP7_BMPR1A_BMPR2,BMP,0,0,0,0
BMP7_BMPR1B_ACVR2A,BMP7_BMPR1B_ACVR2A,BMP,0,0,0,0
BMP7_BMPR1B_ACVR2B,BMP7_BMPR1B_ACVR2B,BMP,0,0,0,0
BMP7_BMPR1B_BMPR2,BMP7_BMPR1B_BMPR2,BMP,0,0,0,0
BMP8A_ACVR1_ACVR2A,BMP8A_ACVR1_ACVR2A,BMP,0.00024738,0.000204329,0.000387004,0
BMP8A_ACVR1_ACVR2B,BMP8A_ACVR1_ACVR2B,BMP,0.000200772,0.000174609,0.000339127,0
BMP8A_ACVR1_BMPR2,BMP8A_ACVR1_BMPR2,BMP,0.00024738,0.000204329,0.000387004,0
BMP8A_BMPR1A_ACVR2A,BMP8A_BMPR1A_ACVR2A,BMP,0.001147268,0.001203685,0.002613274,0
BMP8A_BMPR1A_ACVR2B,BMP8A_BMPR1A_ACVR2B,BMP,0.000200772,0.000174609,0.000339127,0
BMP8A_BMPR1A_BMPR2,BMP8A_BMPR1A_BMPR2,BMP,0.001147268,0.001203685,0.001719575,0
BMP8A_BMPR1B_ACVR2A,BMP8A_BMPR1B_ACVR2A,BMP,0.000139823,0.000126313,0.00014363,0
BMP8A_BMPR1B_ACVR2B,BMP8A_BMPR1B_ACVR2B,BMP,0.000139823,0.000126313,0.00014363,0
BMP8A_BMPR1B_BMPR2,BMP8A_BMPR1B_BMPR2,BMP,0.000139823,0.000126313,0.00014363,0
BMP8B_ACVR1_ACVR2A,BMP8B_ACVR1_ACVR2A,BMP,0.000309225,0.000272439,0.000232202,0.000808798
BMP8B_ACVR1_ACVR2B,BMP8B_ACVR1_ACVR2B,BMP,0.000250965,0.000232812,0.000203476,0.000372304
BMP8B_ACVR1_BMPR2,BMP8B_ACVR1_BMPR2,BMP,0.000309225,0.000272439,0.000232202,0.000808798
BMP8B_BMPR1A_ACVR2A,BMP8B_BMPR1A_ACVR2A,BMP,0.001434085,0.001604914,0.001567965,0.003068299
BMP8B_BMPR1A_ACVR2B,BMP8B_BMPR1A_ACVR2B,BMP,0.000250965,0.000232812,0.000203476,0.000372304
BMP8B_BMPR1A_BMPR2,BMP8B_BMPR1A_BMPR2,BMP,0.001434085,0.001604914,0.001031745,0.001007788
BMP8B_BMPR1B_ACVR2A,BMP8B_BMPR1B_ACVR2A,BMP,0.000174779,0.000168417,8.62E-05,0.000340209
BMP8B_BMPR1B_ACVR2B,BMP8B_BMPR1B_ACVR2B,BMP,0.000174779,0.000168417,8.62E-05,0.000340209
BMP8B_BMPR1B_BMPR2,BMP8B_BMPR1B_BMPR2,BMP,0.000174779,0.000168417,8.62E-05,0.000340209
GDF9_ACVR1B_BMPR2,GDF9_ACVR1B_BMPR2,GDF,0.000308328,0.00045324,0.000378227,0
GDF11_TGFBR1_ACVR2A,GDF11_TGFBR1_ACVR2A,GDF,0.001841903,0.001669309,0.003313073,0.00305974
GDF11_TGFBR1_ACVR2B,GDF11_TGFBR1_ACVR2B,GDF,0.000250965,0.000116406,0.000271302,0.000248203
GDF11_ACVR1B_ACVR2B,GDF11_ACVR1B_ACVR2B,GDF,0.000250965,0.000116406,0.000271302,0.000248203
GDF15_TGFBR2,GDF15_TGFBR2,GDF,0.000397959,0,0,0.000282438
MSTN_TGFBR1_ACVR2B,MSTN_TGFBR1_ACVR2B,MSTN,0,0,0,0
MSTN_ACVR1B_ACVR2B,MSTN_ACVR1B_ACVR2B,MSTN,0,0,0,0
MSTN_ACVR1B_ACVR2A,MSTN_ACVR1B_ACVR2A,MSTN,0,0,0,0
MSTN_TGFBR1_ACVR2A,MSTN_TGFBR1_ACVR2A,MSTN,0,0,0,0
AMH_AMHR2_ACVR1,AMH_AMHR2_ACVR1,AMH,6.18E-05,0,0,0
AMH_AMHR2_BMPR1A,AMH_AMHR2_BMPR1A,AMH,0.000286817,0,0,0
GDNF_GFRA1,GDNF_GFRA1,GDNF,0.000165816,0.000126313,0.002655566,0.004668778
NRTN_GFRA2,NRTN_GFRA2,GDNF,0,0.004584407,0.002706634,0.001835844
ARTN_GFRA3,ARTN_GFRA3,GDNF,2.15E-05,3.96E-05,7.02E-05,3.85E-05
ARTN_GFRA1,ARTN_GFRA1,GDNF,0.000497448,0.000252625,0.000663891,0.002334389
NODAL_ACVR1B_ACVR2A,NODAL_ACVR1B_ACVR2A,NODAL,0.000462492,0.000906479,0.000756453,0.001850822
NODAL_ACVR1C_ACVR2A,NODAL_ACVR1C_ACVR2A,NODAL,0.000223179,0.000133743,6.38E-05,0.001005649
NODAL_ACVR1B_ACVR2B,NODAL_ACVR1B_ACVR2B,NODAL,0.000150579,0.000349217,0.000271302,0.000620507
NODAL_ACVR1C_ACVR2B,NODAL_ACVR1C_ACVR2B,NODAL,0.000150579,0.000133743,6.38E-05,0.000620507
GDF3_ACVR1B_ACVR2A,GDF3_ACVR1B_ACVR2A,NODAL,0,0,0,0.000370164
GDF3_ACVR1B_ACVR2B,GDF3_ACVR1B_ACVR2B,NODAL,0,0,0,0.000124101
GDF3_ACVR1C_ACVR2A,GDF3_ACVR1C_ACVR2A,NODAL,0,0,0,0.00020113
GDF3_ACVR1C_ACVR2B,GDF3_ACVR1C_ACVR2B,NODAL,0,0,0,0.000124101
INHBA_ACVR1B_ACVR2A,INHBA_ACVR1B_ACVR2A,ACTIVIN,0,0,0.000189113,0
INHBA_ACVR1B_ACVR2B,INHBA_ACVR1B_ACVR2B,ACTIVIN,0,0,6.78E-05,0
INHBB_ACVR1B_ACVR2A,INHBB_ACVR1B_ACVR2A,ACTIVIN,0.002929119,0.004079156,0.005862512,0.00259115
INHBB_ACVR1B_ACVR2B,INHBB_ACVR1B_ACVR2B,ACTIVIN,0.000953667,0.001571478,0.002102589,0.000868709
INHBB_ACVR1C_ACVR2A,INHBB_ACVR1C_ACVR2A,ACTIVIN,0.00141347,0.000601843,0.000494727,0.001407908
INHBB_ACVR1C_ACVR2B,INHBB_ACVR1C_ACVR2B,ACTIVIN,0.000953667,0.000601843,0.000494727,0.000868709
INHBC_ACVR1B_ACVR2A,INHBC_ACVR1B_ACVR2A,ACTIVIN,0.000154164,0.001510798,0.00056734,0
INHBC_ACVR1B_ACVR2B,INHBC_ACVR1B_ACVR2B,ACTIVIN,5.02E-05,0.000582029,0.000203476,0
INHBC_ACVR1C_ACVR2A,INHBC_ACVR1C_ACVR2A,ACTIVIN,7.44E-05,0.000222905,4.79E-05,0
INHBC_ACVR1C_ACVR2B,INHBC_ACVR1C_ACVR2B,ACTIVIN,5.02E-05,0.000222905,4.79E-05,0
INHBE_ACVR1B_ACVR2A,INHBE_ACVR1B_ACVR2A,ACTIVIN,0,0,0,0
INHBE_ACVR1B_ACVR2B,INHBE_ACVR1B_ACVR2B,ACTIVIN,0,0,0,0
INHBE_ACVR1C_ACVR2A,INHBE_ACVR1C_ACVR2A,ACTIVIN,0,0,0,0
INHBE_ACVR1C_ACVR2B,INHBE_ACVR1C_ACVR2B,ACTIVIN,0,0,0,0
WNT1_FZD1_LRP5,WNT1_FZD1_LRP5,WNT,0,2.48E-05,0,0
WNT1_FZD10_LRP5,WNT1_FZD10_LRP5,WNT,0,6.19E-06,0,0
WNT1_FZD2_LRP5,WNT1_FZD2_LRP5,WNT,0,3.72E-05,0,0
WNT1_FZD3_LRP5,WNT1_FZD3_LRP5,WNT,0,0.001058797,0,0
WNT1_FZD4_LRP5,WNT1_FZD4_LRP5,WNT,0,6.19E-05,0,0
WNT1_FZD5_LRP5,WNT1_FZD5_LRP5,WNT,0,3.10E-05,0,0
WNT1_FZD6_LRP5,WNT1_FZD6_LRP5,WNT,0,0.000835893,0,0
WNT1_FZD7_LRP5,WNT1_FZD7_LRP5,WNT,0,4.95E-05,0,0
WNT1_FZD8_LRP5,WNT1_FZD8_LRP5,WNT,0,3.10E-05,0,0
WNT1_FZD9_LRP5,WNT1_FZD9_LRP5,WNT,0,8.05E-05,0,0
WNT10B_FZD1_LRP5,WNT10B_FZD1_LRP5,WNT,0,0,0,0
WNT10B_FZD10_LRP5,WNT10B_FZD10_LRP5,WNT,0,0,0,0
WNT10B_FZD2_LRP5,WNT10B_FZD2_LRP5,WNT,0,0,0,0
WNT10B_FZD3_LRP5,WNT10B_FZD3_LRP5,WNT,0,0,0,0
WNT10B_FZD4_LRP5,WNT10B_FZD4_LRP5,WNT,0,0,0,0
WNT10B_FZD5_LRP5,WNT10B_FZD5_LRP5,WNT,0,0,0,0
WNT10B_FZD6_LRP5,WNT10B_FZD6_LRP5,WNT,0,0,0,0
WNT10B_FZD7_LRP5,WNT10B_FZD7_LRP5,WNT,0,0,0,0
WNT10B_FZD8_LRP5,WNT10B_FZD8_LRP5,WNT,0,0,0,0
WNT10B_FZD9_LRP5,WNT10B_FZD9_LRP5,WNT,0,0,0,0
WNT16_FZD1_LRP5,WNT16_FZD1_LRP5,WNT,0,0,0,0
WNT16_FZD10_LRP5,WNT16_FZD10_LRP5,WNT,0,0,0,0
WNT16_FZD2_LRP5,WNT16_FZD2_LRP5,WNT,0,0,0,0
WNT16_FZD3_LRP5,WNT16_FZD3_LRP5,WNT,0,0,0,0
WNT16_FZD4_LRP5,WNT16_FZD4_LRP5,WNT,0,0,0,0
WNT16_FZD5_LRP5,WNT16_FZD5_LRP5,WNT,0,0,0,0
WNT16_FZD6_LRP5,WNT16_FZD6_LRP5,WNT,0,0,0,0
WNT16_FZD7_LRP5,WNT16_FZD7_LRP5,WNT,0,0,0,0
WNT16_FZD8_LRP5,WNT16_FZD8_LRP5,WNT,0,0,0,0
WNT16_FZD9_LRP5,WNT16_FZD9_LRP5,WNT,0,0,0,0
WNT2_FZD1_LRP5,WNT2_FZD1_LRP5,WNT,3.05E-05,4.95E-06,0,0
WNT2_FZD10_LRP5,WNT2_FZD10_LRP5,WNT,5.38E-06,1.24E-06,0,0
WNT2_FZD2_LRP5,WNT2_FZD2_LRP5,WNT,1.08E-05,7.43E-06,0,0
WNT2_FZD3_LRP5,WNT2_FZD3_LRP5,WNT,0.000338803,0.000211759,0,0
WNT2_FZD4_LRP5,WNT2_FZD4_LRP5,WNT,1.79E-05,1.24E-05,0,0
WNT2_FZD5_LRP5,WNT2_FZD5_LRP5,WNT,2.51E-05,6.19E-06,0,0
WNT2_FZD6_LRP5,WNT2_FZD6_LRP5,WNT,0.000338803,0.000167179,0,0
WNT2_FZD7_LRP5,WNT2_FZD7_LRP5,WNT,1.79E-06,9.91E-06,0,0
WNT2_FZD8_LRP5,WNT2_FZD8_LRP5,WNT,8.96E-06,6.19E-06,0,0
WNT2_FZD9_LRP5,WNT2_FZD9_LRP5,WNT,3.23E-05,1.61E-05,0,0
WNT2B_FZD1_LRP5,WNT2B_FZD1_LRP5,WNT,6.09E-05,1.49E-05,1.92E-05,4.71E-05
WNT2B_FZD10_LRP5,WNT2B_FZD10_LRP5,WNT,1.08E-05,3.72E-06,9.58E-06,3.00E-05
WNT2B_FZD2_LRP5,WNT2B_FZD2_LRP5,WNT,2.15E-05,2.23E-05,1.44E-05,4.71E-05
WNT2B_FZD3_LRP5,WNT2B_FZD3_LRP5,WNT,0.000677605,0.000635278,0.000604843,0.001989901
WNT2B_FZD4_LRP5,WNT2B_FZD4_LRP5,WNT,3.59E-05,3.72E-05,2.23E-05,3.00E-05
WNT2B_FZD5_LRP5,WNT2B_FZD5_LRP5,WNT,5.02E-05,1.86E-05,1.92E-05,8.56E-06
WNT2B_FZD6_LRP5,WNT2B_FZD6_LRP5,WNT,0.000677605,0.000501536,0.000191507,0.000539199
WNT2B_FZD7_LRP5,WNT2B_FZD7_LRP5,WNT,3.59E-06,2.97E-05,1.60E-05,1.28E-05
WNT2B_FZD8_LRP5,WNT2B_FZD8_LRP5,WNT,1.79E-05,1.86E-05,7.98E-06,1.28E-05
WNT2B_FZD9_LRP5,WNT2B_FZD9_LRP5,WNT,6.45E-05,4.83E-05,2.71E-05,2.14E-05
WNT3_FZD1_LRP5,WNT3_FZD1_LRP5,WNT,7.62E-05,0.000108976,0.00012448,2.35E-05
WNT3_FZD10_LRP5,WNT3_FZD10_LRP5,WNT,1.34E-05,2.72E-05,6.22E-05,1.50E-05
WNT3_FZD2_LRP5,WNT3_FZD2_LRP5,WNT,2.69E-05,0.000163463,9.34E-05,2.35E-05
WNT3_FZD3_LRP5,WNT3_FZD3_LRP5,WNT,0.000847006,0.004658708,0.003931482,0.00099495
WNT3_FZD4_LRP5,WNT3_FZD4_LRP5,WNT,4.48E-05,0.000272439,0.000145226,1.50E-05
WNT3_FZD5_LRP5,WNT3_FZD5_LRP5,WNT,6.27E-05,0.00013622,0.00012448,4.28E-06
WNT3_FZD6_LRP5,WNT3_FZD6_LRP5,WNT,0.000847006,0.003677927,0.001244796,0.000269599
WNT3_FZD7_LRP5,WNT3_FZD7_LRP5,WNT,4.48E-06,0.000217951,0.000103733,6.42E-06
WNT3_FZD8_LRP5,WNT3_FZD8_LRP5,WNT,2.24E-05,0.00013622,5.19E-05,6.42E-06
WNT3_FZD9_LRP5,WNT3_FZD9_LRP5,WNT,8.07E-05,0.000354171,0.000176346,1.07E-05
WNT3A_FZD1_LRP5,WNT3A_FZD1_LRP5,WNT,3.05E-05,4.95E-06,0,4.71E-05
WNT3A_FZD10_LRP5,WNT3A_FZD10_LRP5,WNT,5.38E-06,1.24E-06,0,3.00E-05
WNT3A_FZD2_LRP5,WNT3A_FZD2_LRP5,WNT,1.08E-05,7.43E-06,0,4.71E-05
WNT3A_FZD3_LRP5,WNT3A_FZD3_LRP5,WNT,0.000338803,0.000211759,0,0.001989901
WNT3A_FZD4_LRP5,WNT3A_FZD4_LRP5,WNT,1.79E-05,1.24E-05,0,3.00E-05
WNT3A_FZD5_LRP5,WNT3A_FZD5_LRP5,WNT,2.51E-05,6.19E-06,0,8.56E-06
WNT3A_FZD6_LRP5,WNT3A_FZD6_LRP5,WNT,0.000338803,0.000167179,0,0.000539199
WNT3A_FZD7_LRP5,WNT3A_FZD7_LRP5,WNT,1.79E-06,9.91E-06,0,1.28E-05
WNT3A_FZD8_LRP5,WNT3A_FZD8_LRP5,WNT,8.96E-06,6.19E-06,0,1.28E-05
WNT3A_FZD9_LRP5,WNT3A_FZD9_LRP5,WNT,3.23E-05,1.61E-05,0,2.14E-05
WNT4_FZD1_LRP5,WNT4_FZD1_LRP5,WNT,1.52E-05,9.91E-06,2.87E-05,2.35E-05
WNT4_FZD10_LRP5,WNT4_FZD10_LRP5,WNT,2.69E-06,2.48E-06,1.44E-05,1.50E-05
WNT4_FZD2_LRP5,WNT4_FZD2_LRP5,WNT,5.38E-06,1.49E-05,2.15E-05,2.35E-05
WNT4_FZD3_LRP5,WNT4_FZD3_LRP5,WNT,0.000169401,0.000423519,0.000907265,0.00099495
WNT4_FZD4_LRP5,WNT4_FZD4_LRP5,WNT,8.96E-06,2.48E-05,3.35E-05,1.50E-05
WNT4_FZD5_LRP5,WNT4_FZD5_LRP5,WNT,1.25E-05,1.24E-05,2.87E-05,4.28E-06
WNT4_FZD6_LRP5,WNT4_FZD6_LRP5,WNT,0.000169401,0.000334357,0.000287261,0.000269599
WNT4_FZD7_LRP5,WNT4_FZD7_LRP5,WNT,8.96E-07,1.98E-05,2.39E-05,6.42E-06
WNT4_FZD8_LRP5,WNT4_FZD8_LRP5,WNT,4.48E-06,1.24E-05,1.20E-05,6.42E-06
WNT4_FZD9_LRP5,WNT4_FZD9_LRP5,WNT,1.61E-05,3.22E-05,4.07E-05,1.07E-05
WNT6_FZD1_LRP5,WNT6_FZD1_LRP5,WNT,0.000259032,0.000108976,0.000239384,0.00032951
WNT6_FZD10_LRP5,WNT6_FZD10_LRP5,WNT,4.57E-05,2.72E-05,0.000119692,0.000209688
WNT6_FZD2_LRP5,WNT6_FZD2_LRP5,WNT,9.14E-05,0.000163463,0.000179538,0.00032951
WNT6_FZD3_LRP5,WNT6_FZD3_LRP5,WNT,0.002879822,0.004658708,0.007560542,0.013929305
WNT6_FZD4_LRP5,WNT6_FZD4_LRP5,WNT,0.000152372,0.000272439,0.000279281,0.000209688
WNT6_FZD5_LRP5,WNT6_FZD5_LRP5,WNT,0.00021332,0.00013622,0.000239384,5.99E-05
WNT6_FZD6_LRP5,WNT6_FZD6_LRP5,WNT,0.002879822,0.003677927,0.002393839,0.003774392
WNT6_FZD7_LRP5,WNT6_FZD7_LRP5,WNT,1.52E-05,0.000217951,0.000199487,8.99E-05
WNT6_FZD8_LRP5,WNT6_FZD8_LRP5,WNT,7.62E-05,0.00013622,9.97E-05,8.99E-05
WNT6_FZD9_LRP5,WNT6_FZD9_LRP5,WNT,0.000274269,0.000354171,0.000339127,0.000149777
WNT7A_FZD1_LRP5,WNT7A_FZD1_LRP5,WNT,0,4.95E-06,9.58E-06,0
WNT7A_FZD10_LRP5,WNT7A_FZD10_LRP5,WNT,0,1.24E-06,4.79E-06,0
WNT7A_FZD2_LRP5,WNT7A_FZD2_LRP5,WNT,0,7.43E-06,7.18E-06,0
WNT7A_FZD3_LRP5,WNT7A_FZD3_LRP5,WNT,0,0.000211759,0.000302422,0
WNT7A_FZD4_LRP5,WNT7A_FZD4_LRP5,WNT,0,1.24E-05,1.12E-05,0
WNT7A_FZD5_LRP5,WNT7A_FZD5_LRP5,WNT,0,6.19E-06,9.58E-06,0
WNT7A_FZD6_LRP5,WNT7A_FZD6_LRP5,WNT,0,0.000167179,9.58E-05,0
WNT7A_FZD7_LRP5,WNT7A_FZD7_LRP5,WNT,0,9.91E-06,7.98E-06,0
WNT7A_FZD8_LRP5,WNT7A_FZD8_LRP5,WNT,0,6.19E-06,3.99E-06,0
WNT7A_FZD9_LRP5,WNT7A_FZD9_LRP5,WNT,0,1.61E-05,1.36E-05,0
WNT7B_FZD1_LRP5,WNT7B_FZD1_LRP5,WNT,3.05E-05,0,9.58E-06,0
WNT7B_FZD10_LRP5,WNT7B_FZD10_LRP5,WNT,5.38E-06,0,4.79E-06,0
WNT7B_FZD2_LRP5,WNT7B_FZD2_LRP5,WNT,1.08E-05,0,7.18E-06,0
WNT7B_FZD3_LRP5,WNT7B_FZD3_LRP5,WNT,0.000338803,0,0.000302422,0
WNT7B_FZD4_LRP5,WNT7B_FZD4_LRP5,WNT,1.79E-05,0,1.12E-05,0
WNT7B_FZD5_LRP5,WNT7B_FZD5_LRP5,WNT,2.51E-05,0,9.58E-06,0
WNT7B_FZD6_LRP5,WNT7B_FZD6_LRP5,WNT,0.000338803,0,9.58E-05,0
WNT7B_FZD7_LRP5,WNT7B_FZD7_LRP5,WNT,1.79E-06,0,7.98E-06,0
WNT7B_FZD8_LRP5,WNT7B_FZD8_LRP5,WNT,8.96E-06,0,3.99E-06,0
WNT7B_FZD9_LRP5,WNT7B_FZD9_LRP5,WNT,3.23E-05,0,1.36E-05,0
WNT8A_FZD1_LRP5,WNT8A_FZD1_LRP5,WNT,0,0,0,0
WNT8A_FZD10_LRP5,WNT8A_FZD10_LRP5,WNT,0,0,0,0
WNT8A_FZD2_LRP5,WNT8A_FZD2_LRP5,WNT,0,0,0,0
WNT8A_FZD3_LRP5,WNT8A_FZD3_LRP5,WNT,0,0,0,0
WNT8A_FZD4_LRP5,WNT8A_FZD4_LRP5,WNT,0,0,0,0
WNT8A_FZD5_LRP5,WNT8A_FZD5_LRP5,WNT,0,0,0,0
WNT8A_FZD6_LRP5,WNT8A_FZD6_LRP5,WNT,0,0,0,0
WNT8A_FZD7_LRP5,WNT8A_FZD7_LRP5,WNT,0,0,0,0
WNT8A_FZD8_LRP5,WNT8A_FZD8_LRP5,WNT,0,0,0,0
WNT8A_FZD9_LRP5,WNT8A_FZD9_LRP5,WNT,0,0,0,0
WNT8B_FZD1_LRP5,WNT8B_FZD1_LRP5,WNT,3.05E-05,9.91E-06,0,2.35E-05
WNT8B_FZD10_LRP5,WNT8B_FZD10_LRP5,WNT,5.38E-06,2.48E-06,0,1.50E-05
WNT8B_FZD2_LRP5,WNT8B_FZD2_LRP5,WNT,1.08E-05,1.49E-05,0,2.35E-05
WNT8B_FZD3_LRP5,WNT8B_FZD3_LRP5,WNT,0.000338803,0.000423519,0,0.00099495
WNT8B_FZD4_LRP5,WNT8B_FZD4_LRP5,WNT,1.79E-05,2.48E-05,0,1.50E-05
WNT8B_FZD5_LRP5,WNT8B_FZD5_LRP5,WNT,2.51E-05,1.24E-05,0,4.28E-06
WNT8B_FZD6_LRP5,WNT8B_FZD6_LRP5,WNT,0.000338803,0.000334357,0,0.000269599
WNT8B_FZD7_LRP5,WNT8B_FZD7_LRP5,WNT,1.79E-06,1.98E-05,0,6.42E-06
WNT8B_FZD8_LRP5,WNT8B_FZD8_LRP5,WNT,8.96E-06,1.24E-05,0,6.42E-06
WNT8B_FZD9_LRP5,WNT8B_FZD9_LRP5,WNT,3.23E-05,3.22E-05,0,1.07E-05
WNT9A_FZD1_LRP5,WNT9A_FZD1_LRP5,WNT,1.52E-05,0,0,0
WNT9A_FZD10_LRP5,WNT9A_FZD10_LRP5,WNT,2.69E-06,0,0,0
WNT9A_FZD2_LRP5,WNT9A_FZD2_LRP5,WNT,5.38E-06,0,0,0
WNT9A_FZD3_LRP5,WNT9A_FZD3_LRP5,WNT,0.000169401,0,0,0
WNT9A_FZD4_LRP5,WNT9A_FZD4_LRP5,WNT,8.96E-06,0,0,0
WNT9A_FZD5_LRP5,WNT9A_FZD5_LRP5,WNT,1.25E-05,0,0,0
WNT9A_FZD6_LRP5,WNT9A_FZD6_LRP5,WNT,0.000169401,0,0,0
WNT9A_FZD7_LRP5,WNT9A_FZD7_LRP5,WNT,8.96E-07,0,0,0
WNT9A_FZD8_LRP5,WNT9A_FZD8_LRP5,WNT,4.48E-06,0,0,0
WNT9A_FZD9_LRP5,WNT9A_FZD9_LRP5,WNT,1.61E-05,0,0,0
WNT9B_FZD1_LRP5,WNT9B_FZD1_LRP5,WNT,0,0,0,0
WNT9B_FZD10_LRP5,WNT9B_FZD10_LRP5,WNT,0,0,0,0
WNT9B_FZD2_LRP5,WNT9B_FZD2_LRP5,WNT,0,0,0,0
WNT9B_FZD3_LRP5,WNT9B_FZD3_LRP5,WNT,0,0,0,0
WNT9B_FZD4_LRP5,WNT9B_FZD4_LRP5,WNT,0,0,0,0
WNT9B_FZD5_LRP5,WNT9B_FZD5_LRP5,WNT,0,0,0,0
WNT9B_FZD6_LRP5,WNT9B_FZD6_LRP5,WNT,0,0,0,0
WNT9B_FZD7_LRP5,WNT9B_FZD7_LRP5,WNT,0,0,0,0
WNT9B_FZD8_LRP5,WNT9B_FZD8_LRP5,WNT,0,0,0,0
WNT9B_FZD9_LRP5,WNT9B_FZD9_LRP5,WNT,0,0,0,0
WNT1_FZD1_LRP6,WNT1_FZD1_LRP6,WNT,0,2.48E-05,0,0
WNT1_FZD10_LRP6,WNT1_FZD10_LRP6,WNT,0,6.19E-06,0,0
WNT1_FZD2_LRP6,WNT1_FZD2_LRP6,WNT,0,3.72E-05,0,0
WNT1_FZD3_LRP6,WNT1_FZD3_LRP6,WNT,0,0.001486031,0,0
WNT1_FZD4_LRP6,WNT1_FZD4_LRP6,WNT,0,6.19E-05,0,0
WNT1_FZD5_LRP6,WNT1_FZD5_LRP6,WNT,0,3.10E-05,0,0
WNT1_FZD6_LRP6,WNT1_FZD6_LRP6,WNT,0,0.000835893,0,0
WNT1_FZD7_LRP6,WNT1_FZD7_LRP6,WNT,0,4.95E-05,0,0
WNT1_FZD8_LRP6,WNT1_FZD8_LRP6,WNT,0,3.10E-05,0,0
WNT1_FZD9_LRP6,WNT1_FZD9_LRP6,WNT,0,8.05E-05,0,0
WNT10B_FZD1_LRP6,WNT10B_FZD1_LRP6,WNT,0,0,0,0
WNT10B_FZD10_LRP6,WNT10B_FZD10_LRP6,WNT,0,0,0,0
WNT10B_FZD2_LRP6,WNT10B_FZD2_LRP6,WNT,0,0,0,0
WNT10B_FZD3_LRP6,WNT10B_FZD3_LRP6,WNT,0,0,0,0
WNT10B_FZD4_LRP6,WNT10B_FZD4_LRP6,WNT,0,0,0,0
WNT10B_FZD5_LRP6,WNT10B_FZD5_LRP6,WNT,0,0,0,0
WNT10B_FZD6_LRP6,WNT10B_FZD6_LRP6,WNT,0,0,0,0
WNT10B_FZD7_LRP6,WNT10B_FZD7_LRP6,WNT,0,0,0,0
WNT10B_FZD8_LRP6,WNT10B_FZD8_LRP6,WNT,0,0,0,0
WNT10B_FZD9_LRP6,WNT10B_FZD9_LRP6,WNT,0,0,0,0
WNT16_FZD1_LRP6,WNT16_FZD1_LRP6,WNT,0,0,0,0
WNT16_FZD10_LRP6,WNT16_FZD10_LRP6,WNT,0,0,0,0
WNT16_FZD2_LRP6,WNT16_FZD2_LRP6,WNT,0,0,0,0
WNT16_FZD3_LRP6,WNT16_FZD3_LRP6,WNT,0,0,0,0
WNT16_FZD4_LRP6,WNT16_FZD4_LRP6,WNT,0,0,0,0
WNT16_FZD5_LRP6,WNT16_FZD5_LRP6,WNT,0,0,0,0
WNT16_FZD6_LRP6,WNT16_FZD6_LRP6,WNT,0,0,0,0
WNT16_FZD7_LRP6,WNT16_FZD7_LRP6,WNT,0,0,0,0
WNT16_FZD8_LRP6,WNT16_FZD8_LRP6,WNT,0,0,0,0
WNT16_FZD9_LRP6,WNT16_FZD9_LRP6,WNT,0,0,0,0
WNT2_FZD1_LRP6,WNT2_FZD1_LRP6,WNT,3.05E-05,4.95E-06,0,0
WNT2_FZD10_LRP6,WNT2_FZD10_LRP6,WNT,5.38E-06,1.24E-06,0,0
WNT2_FZD2_LRP6,WNT2_FZD2_LRP6,WNT,1.08E-05,7.43E-06,0,0
WNT2_FZD3_LRP6,WNT2_FZD3_LRP6,WNT,0.000648923,0.000297206,0,0
WNT2_FZD4_LRP6,WNT2_FZD4_LRP6,WNT,1.79E-05,1.24E-05,0,0
WNT2_FZD5_LRP6,WNT2_FZD5_LRP6,WNT,2.51E-05,6.19E-06,0,0
WNT2_FZD6_LRP6,WNT2_FZD6_LRP6,WNT,0.00063279,0.000167179,0,0
WNT2_FZD7_LRP6,WNT2_FZD7_LRP6,WNT,1.79E-06,9.91E-06,0,0
WNT2_FZD8_LRP6,WNT2_FZD8_LRP6,WNT,8.96E-06,6.19E-06,0,0
WNT2_FZD9_LRP6,WNT2_FZD9_LRP6,WNT,3.23E-05,1.61E-05,0,0
WNT2B_FZD1_LRP6,WNT2B_FZD1_LRP6,WNT,6.09E-05,1.49E-05,1.92E-05,4.71E-05
WNT2B_FZD10_LRP6,WNT2B_FZD10_LRP6,WNT,1.08E-05,3.72E-06,9.58E-06,3.00E-05
WNT2B_FZD2_LRP6,WNT2B_FZD2_LRP6,WNT,2.15E-05,2.23E-05,1.44E-05,4.71E-05
WNT2B_FZD3_LRP6,WNT2B_FZD3_LRP6,WNT,0.001297847,0.000891619,0.000604843,0.001703184
WNT2B_FZD4_LRP6,WNT2B_FZD4_LRP6,WNT,3.59E-05,3.72E-05,2.23E-05,3.00E-05
WNT2B_FZD5_LRP6,WNT2B_FZD5_LRP6,WNT,5.02E-05,1.86E-05,1.92E-05,8.56E-06
WNT2B_FZD6_LRP6,WNT2B_FZD6_LRP6,WNT,0.00126558,0.000501536,0.000191507,0.000539199
WNT2B_FZD7_LRP6,WNT2B_FZD7_LRP6,WNT,3.59E-06,2.97E-05,1.60E-05,1.28E-05
WNT2B_FZD8_LRP6,WNT2B_FZD8_LRP6,WNT,1.79E-05,1.86E-05,7.98E-06,1.28E-05
WNT2B_FZD9_LRP6,WNT2B_FZD9_LRP6,WNT,6.45E-05,4.83E-05,2.71E-05,2.14E-05
WNT3_FZD1_LRP6,WNT3_FZD1_LRP6,WNT,7.62E-05,0.000108976,0.00012448,2.35E-05
WNT3_FZD10_LRP6,WNT3_FZD10_LRP6,WNT,1.34E-05,2.72E-05,6.22E-05,1.50E-05
WNT3_FZD2_LRP6,WNT3_FZD2_LRP6,WNT,2.69E-05,0.000163463,9.34E-05,2.35E-05
WNT3_FZD3_LRP6,WNT3_FZD3_LRP6,WNT,0.001622309,0.006538538,0.003931482,0.000851592
WNT3_FZD4_LRP6,WNT3_FZD4_LRP6,WNT,4.48E-05,0.000272439,0.000145226,1.50E-05
WNT3_FZD5_LRP6,WNT3_FZD5_LRP6,WNT,6.27E-05,0.00013622,0.00012448,4.28E-06
WNT3_FZD6_LRP6,WNT3_FZD6_LRP6,WNT,0.001581975,0.003677927,0.001244796,0.000269599
WNT3_FZD7_LRP6,WNT3_FZD7_LRP6,WNT,4.48E-06,0.000217951,0.000103733,6.42E-06
WNT3_FZD8_LRP6,WNT3_FZD8_LRP6,WNT,2.24E-05,0.00013622,5.19E-05,6.42E-06
WNT3_FZD9_LRP6,WNT3_FZD9_LRP6,WNT,8.07E-05,0.000354171,0.000176346,1.07E-05
WNT3A_FZD1_LRP6,WNT3A_FZD1_LRP6,WNT,3.05E-05,4.95E-06,0,4.71E-05
WNT3A_FZD10_LRP6,WNT3A_FZD10_LRP6,WNT,5.38E-06,1.24E-06,0,3.00E-05
WNT3A_FZD2_LRP6,WNT3A_FZD2_LRP6,WNT,1.08E-05,7.43E-06,0,4.71E-05
WNT3A_FZD3_LRP6,WNT3A_FZD3_LRP6,WNT,0.000648923,0.000297206,0,0.001703184
WNT3A_FZD4_LRP6,WNT3A_FZD4_LRP6,WNT,1.79E-05,1.24E-05,0,3.00E-05
WNT3A_FZD5_LRP6,WNT3A_FZD5_LRP6,WNT,2.51E-05,6.19E-06,0,8.56E-06
WNT3A_FZD6_LRP6,WNT3A_FZD6_LRP6,WNT,0.00063279,0.000167179,0,0.000539199
WNT3A_FZD7_LRP6,WNT3A_FZD7_LRP6,WNT,1.79E-06,9.91E-06,0,1.28E-05
WNT3A_FZD8_LRP6,WNT3A_FZD8_LRP6,WNT,8.96E-06,6.19E-06,0,1.28E-05
WNT3A_FZD9_LRP6,WNT3A_FZD9_LRP6,WNT,3.23E-05,1.61E-05,0,2.14E-05
WNT4_FZD1_LRP6,WNT4_FZD1_LRP6,WNT,1.52E-05,9.91E-06,2.87E-05,2.35E-05
WNT4_FZD10_LRP6,WNT4_FZD10_LRP6,WNT,2.69E-06,2.48E-06,1.44E-05,1.50E-05
WNT4_FZD2_LRP6,WNT4_FZD2_LRP6,WNT,5.38E-06,1.49E-05,2.15E-05,2.35E-05
WNT4_FZD3_LRP6,WNT4_FZD3_LRP6,WNT,0.000324462,0.000594413,0.000907265,0.000851592
WNT4_FZD4_LRP6,WNT4_FZD4_LRP6,WNT,8.96E-06,2.48E-05,3.35E-05,1.50E-05
WNT4_FZD5_LRP6,WNT4_FZD5_LRP6,WNT,1.25E-05,1.24E-05,2.87E-05,4.28E-06
WNT4_FZD6_LRP6,WNT4_FZD6_LRP6,WNT,0.000316395,0.000334357,0.000287261,0.000269599
WNT4_FZD7_LRP6,WNT4_FZD7_LRP6,WNT,8.96E-07,1.98E-05,2.39E-05,6.42E-06
WNT4_FZD8_LRP6,WNT4_FZD8_LRP6,WNT,4.48E-06,1.24E-05,1.20E-05,6.42E-06
WNT4_FZD9_LRP6,WNT4_FZD9_LRP6,WNT,1.61E-05,3.22E-05,4.07E-05,1.07E-05
WNT6_FZD1_LRP6,WNT6_FZD1_LRP6,WNT,0.000259032,0.000108976,0.000239384,0.00032951
WNT6_FZD10_LRP6,WNT6_FZD10_LRP6,WNT,4.57E-05,2.72E-05,0.000119692,0.000209688
WNT6_FZD2_LRP6,WNT6_FZD2_LRP6,WNT,9.14E-05,0.000163463,0.000179538,0.00032951
WNT6_FZD3_LRP6,WNT6_FZD3_LRP6,WNT,0.005515849,0.006538538,0.007560542,0.011922287
WNT6_FZD4_LRP6,WNT6_FZD4_LRP6,WNT,0.000152372,0.000272439,0.000279281,0.000209688
WNT6_FZD5_LRP6,WNT6_FZD5_LRP6,WNT,0.00021332,0.00013622,0.000239384,5.99E-05
WNT6_FZD6_LRP6,WNT6_FZD6_LRP6,WNT,0.005378715,0.003677927,0.002393839,0.003774392
WNT6_FZD7_LRP6,WNT6_FZD7_LRP6,WNT,1.52E-05,0.000217951,0.000199487,8.99E-05
WNT6_FZD8_LRP6,WNT6_FZD8_LRP6,WNT,7.62E-05,0.00013622,9.97E-05,8.99E-05
WNT6_FZD9_LRP6,WNT6_FZD9_LRP6,WNT,0.000274269,0.000354171,0.000339127,0.000149777
WNT7A_FZD1_LRP6,WNT7A_FZD1_LRP6,WNT,0,4.95E-06,9.58E-06,0
WNT7A_FZD10_LRP6,WNT7A_FZD10_LRP6,WNT,0,1.24E-06,4.79E-06,0
WNT7A_FZD2_LRP6,WNT7A_FZD2_LRP6,WNT,0,7.43E-06,7.18E-06,0
WNT7A_FZD3_LRP6,WNT7A_FZD3_LRP6,WNT,0,0.000297206,0.000302422,0
WNT7A_FZD4_LRP6,WNT7A_FZD4_LRP6,WNT,0,1.24E-05,1.12E-05,0
WNT7A_FZD5_LRP6,WNT7A_FZD5_LRP6,WNT,0,6.19E-06,9.58E-06,0
WNT7A_FZD6_LRP6,WNT7A_FZD6_LRP6,WNT,0,0.000167179,9.58E-05,0
WNT7A_FZD7_LRP6,WNT7A_FZD7_LRP6,WNT,0,9.91E-06,7.98E-06,0
WNT7A_FZD8_LRP6,WNT7A_FZD8_LRP6,WNT,0,6.19E-06,3.99E-06,0
WNT7A_FZD9_LRP6,WNT7A_FZD9_LRP6,WNT,0,1.61E-05,1.36E-05,0
WNT7B_FZD1_LRP6,WNT7B_FZD1_LRP6,WNT,3.05E-05,0,9.58E-06,0
WNT7B_FZD10_LRP6,WNT7B_FZD10_LRP6,WNT,5.38E-06,0,4.79E-06,0
WNT7B_FZD2_LRP6,WNT7B_FZD2_LRP6,WNT,1.08E-05,0,7.18E-06,0
WNT7B_FZD3_LRP6,WNT7B_FZD3_LRP6,WNT,0.000648923,0,0.000302422,0
WNT7B_FZD4_LRP6,WNT7B_FZD4_LRP6,WNT,1.79E-05,0,1.12E-05,0
WNT7B_FZD5_LRP6,WNT7B_FZD5_LRP6,WNT,2.51E-05,0,9.58E-06,0
WNT7B_FZD6_LRP6,WNT7B_FZD6_LRP6,WNT,0.00063279,0,9.58E-05,0
WNT7B_FZD7_LRP6,WNT7B_FZD7_LRP6,WNT,1.79E-06,0,7.98E-06,0
WNT7B_FZD8_LRP6,WNT7B_FZD8_LRP6,WNT,8.96E-06,0,3.99E-06,0
WNT7B_FZD9_LRP6,WNT7B_FZD9_LRP6,WNT,3.23E-05,0,1.36E-05,0
WNT8A_FZD1_LRP6,WNT8A_FZD1_LRP6,WNT,0,0,0,0
WNT8A_FZD10_LRP6,WNT8A_FZD10_LRP6,WNT,0,0,0,0
WNT8A_FZD2_LRP6,WNT8A_FZD2_LRP6,WNT,0,0,0,0
WNT8A_FZD3_LRP6,WNT8A_FZD3_LRP6,WNT,0,0,0,0
WNT8A_FZD4_LRP6,WNT8A_FZD4_LRP6,WNT,0,0,0,0
WNT8A_FZD5_LRP6,WNT8A_FZD5_LRP6,WNT,0,0,0,0
WNT8A_FZD6_LRP6,WNT8A_FZD6_LRP6,WNT,0,0,0,0
WNT8A_FZD7_LRP6,WNT8A_FZD7_LRP6,WNT,0,0,0,0
WNT8A_FZD8_LRP6,WNT8A_FZD8_LRP6,WNT,0,0,0,0
WNT8A_FZD9_LRP6,WNT8A_FZD9_LRP6,WNT,0,0,0,0
WNT8B_FZD1_LRP6,WNT8B_FZD1_LRP6,WNT,3.05E-05,9.91E-06,0,2.35E-05
WNT8B_FZD10_LRP6,WNT8B_FZD10_LRP6,WNT,5.38E-06,2.48E-06,0,1.50E-05
WNT8B_FZD2_LRP6,WNT8B_FZD2_LRP6,WNT,1.08E-05,1.49E-05,0,2.35E-05
WNT8B_FZD3_LRP6,WNT8B_FZD3_LRP6,WNT,0.000648923,0.000594413,0,0.000851592
WNT8B_FZD4_LRP6,WNT8B_FZD4_LRP6,WNT,1.79E-05,2.48E-05,0,1.50E-05
WNT8B_FZD5_LRP6,WNT8B_FZD5_LRP6,WNT,2.51E-05,1.24E-05,0,4.28E-06
WNT8B_FZD6_LRP6,WNT8B_FZD6_LRP6,WNT,0.00063279,0.000334357,0,0.000269599
WNT8B_FZD7_LRP6,WNT8B_FZD7_LRP6,WNT,1.79E-06,1.98E-05,0,6.42E-06
WNT8B_FZD8_LRP6,WNT8B_FZD8_LRP6,WNT,8.96E-06,1.24E-05,0,6.42E-06
WNT8B_FZD9_LRP6,WNT8B_FZD9_LRP6,WNT,3.23E-05,3.22E-05,0,1.07E-05
WNT9A_FZD1_LRP6,WNT9A_FZD1_LRP6,WNT,1.52E-05,0,0,0
WNT9A_FZD10_LRP6,WNT9A_FZD10_LRP6,WNT,2.69E-06,0,0,0
WNT9A_FZD2_LRP6,WNT9A_FZD2_LRP6,WNT,5.38E-06,0,0,0
WNT9A_FZD3_LRP6,WNT9A_FZD3_LRP6,WNT,0.000324462,0,0,0
WNT9A_FZD4_LRP6,WNT9A_FZD4_LRP6,WNT,8.96E-06,0,0,0
WNT9A_FZD5_LRP6,WNT9A_FZD5_LRP6,WNT,1.25E-05,0,0,0
WNT9A_FZD6_LRP6,WNT9A_FZD6_LRP6,WNT,0.000316395,0,0,0
WNT9A_FZD7_LRP6,WNT9A_FZD7_LRP6,WNT,8.96E-07,0,0,0
WNT9A_FZD8_LRP6,WNT9A_FZD8_LRP6,WNT,4.48E-06,0,0,0
WNT9A_FZD9_LRP6,WNT9A_FZD9_LRP6,WNT,1.61E-05,0,0,0
WNT9B_FZD1_LRP6,WNT9B_FZD1_LRP6,WNT,0,0,0,0
WNT9B_FZD10_LRP6,WNT9B_FZD10_LRP6,WNT,0,0,0,0
WNT9B_FZD2_LRP6,WNT9B_FZD2_LRP6,WNT,0,0,0,0
WNT9B_FZD3_LRP6,WNT9B_FZD3_LRP6,WNT,0,0,0,0
WNT9B_FZD4_LRP6,WNT9B_FZD4_LRP6,WNT,0,0,0,0
WNT9B_FZD5_LRP6,WNT9B_FZD5_LRP6,WNT,0,0,0,0
WNT9B_FZD6_LRP6,WNT9B_FZD6_LRP6,WNT,0,0,0,0
WNT9B_FZD7_LRP6,WNT9B_FZD7_LRP6,WNT,0,0,0,0
WNT9B_FZD8_LRP6,WNT9B_FZD8_LRP6,WNT,0,0,0,0
WNT9B_FZD9_LRP6,WNT9B_FZD9_LRP6,WNT,0,0,0,0
WNT5A_FZD1,WNT5A_FZD1,ncWNT,0,4.95E-06,9.58E-06,2.35E-05
WNT5A_FZD10,WNT5A_FZD10,ncWNT,0,1.24E-06,4.79E-06,1.50E-05
WNT5A_FZD2,WNT5A_FZD2,ncWNT,0,7.43E-06,7.18E-06,2.35E-05
WNT5A_FZD3,WNT5A_FZD3,ncWNT,0,0.000297206,0.000302422,0.00099495
WNT5A_FZD4,WNT5A_FZD4,ncWNT,0,1.24E-05,1.12E-05,1.50E-05
WNT5A_FZD5,WNT5A_FZD5,ncWNT,0,6.19E-06,9.58E-06,4.28E-06
WNT5A_FZD6,WNT5A_FZD6,ncWNT,0,0.000167179,9.58E-05,0.000269599
WNT5A_FZD7,WNT5A_FZD7,ncWNT,0,9.91E-06,7.98E-06,6.42E-06
WNT5A_FZD8,WNT5A_FZD8,ncWNT,0,6.19E-06,3.99E-06,6.42E-06
WNT5A_FZD9,WNT5A_FZD9,ncWNT,0,1.61E-05,1.36E-05,1.07E-05
WNT5A_MCAM,WNT5A_MCAM,ncWNT,0,4.33E-05,5.27E-05,6.85E-05
WNT5B_FZD1,WNT5B_FZD1,ncWNT,7.62E-05,1.49E-05,3.83E-05,9.41E-05
WNT5B_FZD10,WNT5B_FZD10,ncWNT,1.34E-05,3.72E-06,1.92E-05,5.99E-05
WNT5B_FZD2,WNT5B_FZD2,ncWNT,2.69E-05,2.23E-05,2.87E-05,9.41E-05
WNT5B_FZD3,WNT5B_FZD3,ncWNT,0.002312462,0.000891619,0.001209687,0.003979801
WNT5B_FZD4,WNT5B_FZD4,ncWNT,4.48E-05,3.72E-05,4.47E-05,5.99E-05
WNT5B_FZD5,WNT5B_FZD5,ncWNT,6.27E-05,1.86E-05,3.83E-05,1.71E-05
WNT5B_FZD6,WNT5B_FZD6,ncWNT,0.001581975,0.000501536,0.000383014,0.001078398
WNT5B_FZD7,WNT5B_FZD7,ncWNT,4.48E-06,2.97E-05,3.19E-05,2.57E-05
WNT5B_FZD8,WNT5B_FZD8,ncWNT,2.24E-05,1.86E-05,1.60E-05,2.57E-05
WNT5B_FZD9,WNT5B_FZD9,ncWNT,8.07E-05,4.83E-05,5.43E-05,4.28E-05
WNT11_FZD1,WNT11_FZD1,ncWNT,0,0,9.58E-06,0
WNT11_FZD10,WNT11_FZD10,ncWNT,0,0,4.79E-06,0
WNT11_FZD2,WNT11_FZD2,ncWNT,0,0,7.18E-06,0
WNT11_FZD3,WNT11_FZD3,ncWNT,0,0,0.000302422,0
WNT11_FZD4,WNT11_FZD4,ncWNT,0,0,1.12E-05,0
WNT11_FZD5,WNT11_FZD5,ncWNT,0,0,9.58E-06,0
WNT11_FZD6,WNT11_FZD6,ncWNT,0,0,9.58E-05,0
WNT11_FZD7,WNT11_FZD7,ncWNT,0,0,7.98E-06,0
WNT11_FZD8,WNT11_FZD8,ncWNT,0,0,3.99E-06,0
WNT11_FZD9,WNT11_FZD9,ncWNT,0,0,1.36E-05,0
EGF_EGFR,EGF_EGFR,EGF,0.00019629,0.000554785,0.000343117,0.000496405
EGF_EGFR_ERBB2,EGF_EGFR_ERBB2,EGF,2.15E-05,8.67E-05,7.58E-05,3.00E-05
TGFA_EGFR,TGFA_EGFR,EGF,0,0,0.000137247,0
TGFA_EGFR_ERBB2,TGFA_EGFR_ERBB2,EGF,0,0,3.03E-05,0
AREG_EGFR,AREG_EGFR,EGF,0,0,0,0
AREG_EGFR_ERBB2,AREG_EGFR_ERBB2,EGF,0,0,0,0
BTC_EGFR,BTC_EGFR,EGF,0,0,6.86E-05,0
BTC_EGFR_ERBB2,BTC_EGFR_ERBB2,EGF,0,0,1.52E-05,0
BTC_ERBB4,BTC_ERBB4,EGF,0,0,0.000242576,0
BTC_ERBB2_ERBB4,BTC_ERBB2_ERBB4,EGF,0,0,1.52E-05,0
HBEGF_EGFR,HBEGF_EGFR,EGF,6.54E-05,7.93E-05,0,0
HBEGF_EGFR_ERBB2,HBEGF_EGFR_ERBB2,EGF,7.17E-06,1.24E-05,0,0
HBEGF_ERBB4,HBEGF_ERBB4,EGF,0.000111142,0.000152318,0,0
HBEGF_ERBB2_ERBB4,HBEGF_ERBB2_ERBB4,EGF,7.17E-06,1.24E-05,0,0
EREG_EGFR,EREG_EGFR,EGF,0,0,0,0
EREG_EGFR_ERBB2,EREG_EGFR_ERBB2,EGF,0,0,0,0
EREG_ERBB4,EREG_ERBB4,EGF,0,0,0,0
EREG_ERBB2_ERBB4,EREG_ERBB2_ERBB4,EGF,0,0,0,0
NRG1_ERBB3,NRG1_ERBB3,NRG,5.65E-05,9.66E-05,8.46E-05,5.14E-05
NRG1_ERBB2_ERBB3,NRG1_ERBB2_ERBB3,NRG,7.17E-06,1.24E-05,3.03E-05,4.49E-05
NRG1_ERBB4,NRG1_ERBB4,NRG,0.000111142,0.000152318,0.000485151,0.00272809
NRG1_ERBB2_ERBB4,NRG1_ERBB2_ERBB4,NRG,7.17E-06,1.24E-05,3.03E-05,4.49E-05
NRG2_ERBB3,NRG2_ERBB3,NRG,0.000282335,0.000386368,0.000465203,1.71E-05
NRG2_ERBB2_ERBB3,NRG2_ERBB2_ERBB3,NRG,3.59E-05,4.95E-05,0.000166771,1.50E-05
NRG2_ERBB4,NRG2_ERBB4,NRG,0.000555708,0.000609273,0.002668333,0.000909363
NRG2_ERBB2_ERBB4,NRG2_ERBB2_ERBB4,NRG,3.59E-05,4.95E-05,0.000166771,1.50E-05
NRG3_ERBB4,NRG3_ERBB4,NRG,0.008224477,0.009596047,0.011643634,0.013640448
NRG3_ERBB2_ERBB4,NRG3_ERBB2_ERBB4,NRG,0.000530611,0.000780166,0.000727727,0.000224666
NRG4_ERBB4,NRG4_ERBB4,NRG,0.000889133,0.000456955,0.002183181,0.014549812
NRG4_ERBB2_ERBB4,NRG4_ERBB2_ERBB4,NRG,5.74E-05,3.72E-05,0.000136449,0.000239644
NRG1_ITGAV_ITGB3,NRG1_ITGAV_ITGB3,NRG,3.94E-05,4.46E-05,9.89E-05,0.000224666
FGF1_FGFR1,FGF1_FGFR1,FGF,0.000484004,0.004240143,0.032876988,0.015168179
FGF1_FGFR2,FGF1_FGFR2,FGF,0.038983807,0.234277789,0.363959314,0.21715594
FGF1_FGFR3,FGF1_FGFR3,FGF,0.000209735,0.000554785,0.00160866,0.000327371
FGF1_FGFR4,FGF1_FGFR4,FGF,0.000338803,0.007846245,0.020309332,0.004728689
FGF2_FGFR1,FGF2_FGFR1,FGF,0.000161335,0,0,0
FGF2_FGFR2,FGF2_FGFR2,FGF,0.012994602,0,0,0
FGF2_FGFR3,FGF2_FGFR3,FGF,6.99E-05,0,0,0
FGF2_FGFR4,FGF2_FGFR4,FGF,0.000112934,0,0,0
FGF5_FGFR1,FGF5_FGFR1,FGF,0,0,0,0
FGF5_FGFR2,FGF5_FGFR2,FGF,0,0,0,0
FGF5_FGFR3,FGF5_FGFR3,FGF,0,0,0,0
FGF5_FGFR4,FGF5_FGFR4,FGF,0,0,0,0
FGF6_FGFR1,FGF6_FGFR1,FGF,0,0,0,0
FGF6_FGFR2,FGF6_FGFR2,FGF,0,0,0,0
FGF6_FGFR3,FGF6_FGFR3,FGF,0,0,0,0
FGF6_FGFR4,FGF6_FGFR4,FGF,0,0,0,0
FGF7_FGFR1,FGF7_FGFR1,FGF,0.000242002,0.002120071,0.005740426,0
FGF7_FGFR2,FGF7_FGFR2,FGF,0.019491904,0.117138894,0.063548452,0
FGF10_FGFR1,FGF10_FGFR1,FGF,0,0.000132504,0.002609285,0.001784492
FGF10_FGFR2,FGF10_FGFR2,FGF,0,0.007321181,0.02888566,0.025547758
FGF22_FGFR2,FGF22_FGFR2,FGF,0.025989205,0.007321181,0.005777132,0.012773879
FGF8_FGFR1,FGF8_FGFR1,FGF,0,0,0,0
FGF8_FGFR2,FGF8_FGFR2,FGF,0,0,0,0
FGF8_FGFR3,FGF8_FGFR3,FGF,0,0,0,0
FGF8_FGFR4,FGF8_FGFR4,FGF,0,0,0,0
FGF17_FGFR1,FGF17_FGFR1,FGF,0.000161335,0,0,0.000892246
FGF17_FGFR2,FGF17_FGFR2,FGF,0.012994602,0,0,0.012773879
FGF17_FGFR3,FGF17_FGFR3,FGF,6.99E-05,0,0,1.93E-05
FGF17_FGFR4,FGF17_FGFR4,FGF,0.000112934,0,0,0.000278158
FGF18_FGFR1,FGF18_FGFR1,FGF,0,0.000530018,0.002609285,0
FGF18_FGFR2,FGF18_FGFR2,FGF,0,0.029284724,0.02888566,0
FGF18_FGFR3,FGF18_FGFR3,FGF,0,6.93E-05,0.000127671,0
FGF18_FGFR4,FGF18_FGFR4,FGF,0,0.000980781,0.001611852,0
FGF9_FGFR1,FGF9_FGFR1,FGF,0,0,0,0
FGF9_FGFR2,FGF9_FGFR2,FGF,0,0,0,0
FGF9_FGFR3,FGF9_FGFR3,FGF,0,0,0,0
FGF9_FGFR4,FGF9_FGFR4,FGF,0,0,0,0
FGF20_FGFR1,FGF20_FGFR1,FGF,0,0.000397513,0.002609285,0
FGF20_FGFR2,FGF20_FGFR2,FGF,0,0.021963543,0.02888566,0
FGF20_FGFR3,FGF20_FGFR3,FGF,0,5.20E-05,0.000127671,0
FGF20_FGFR4,FGF20_FGFR4,FGF,0,0.000735585,0.001611852,0
FGF21_FGFR1,FGF21_FGFR1,FGF,0,0,0,0
FGF21_FGFR3,FGF21_FGFR3,FGF,0,0,0,0
FGF23_FGFR1,FGF23_FGFR1,FGF,0,0.000132504,0.004174856,0.001784492
FGF23_FGFR3,FGF23_FGFR3,FGF,0,1.73E-05,0.000204274,3.85E-05
FGF23_FGFR4,FGF23_FGFR4,FGF,0,0.000245195,0.002578963,0.000556316
PDGFA_PDGFRA,PDGFA_PDGFRA,PDGF,8.96E-05,0.000121359,0.00011251,0
PDGFA_PDGFRB,PDGFA_PDGFRB,PDGF,2.69E-06,7.43E-06,6.38E-06,0
PDGFB_PDGFRA,PDGFB_PDGFRA,PDGF,0.000358521,0,0.000337531,0.000320952
PDGFB_PDGFRB,PDGFB_PDGFRB,PDGF,1.08E-05,0,1.92E-05,1.28E-05
PDGFC_PDGFRA,PDGFC_PDGFRA,PDGF,0.004481516,0.00315534,0.005738033,0.011554262
PDGFD_PDGFRB,PDGFD_PDGFRB,PDGF,1.88E-05,2.23E-05,7.66E-05,3.85E-05
IGF1_IGF1R,IGF1_IGF1R,IGF,0.000690153,0,0.00169803,0
IGF2_IGF1R,IGF2_IGF1R,IGF,0,0,0.000424507,0
IGF2_IGF2R,IGF2_IGF2R,IGF,0,0,0.00015161,0
IGF1_ITGAV_ITGB3,IGF1_ITGAV_ITGB3,IGF,3.94E-05,0,0.000197891,0
IGF1_ITGA6_ITGB4,IGF1_ITGA6_ITGB4,IGF,1.25E-05,0,0.000217041,0
IGF2_ITGAV_ITGB3,IGF2_ITGAV_ITGB3,IGF,0,0,4.95E-05,0
IGF2_ITGA6_ITGB4,IGF2_ITGA6_ITGB4,IGF,0,0,5.43E-05,0
IGFL3_IGFLR1,IGFL3_IGFLR1,IGF,0,0,0,0
DHH_PTCH1,DHH_PTCH1,HH,0.002126927,0.004948484,0.003734389,0.001906453
IHH_PTCH1,IHH_PTCH1,HH,0.000101282,0,0,0
SHH_PTCH1,SHH_PTCH1,HH,0,0,0,0
DHH_PTCH2,DHH_PTCH2,HH,0.001788125,0.005884684,0.011950045,0.00585416
IHH_PTCH2,IHH_PTCH2,HH,8.51E-05,0,0,0
SHH_PTCH2,SHH_PTCH2,HH,0,0,0,0
CCL5_CCR1,CCL5_CCR1,CCL,0,0,0,0
CCL3_CCR1,CCL3_CCR1,CCL,5.38E-06,0,1.60E-06,0
CCL8_CCR1,CCL8_CCR1,CCL,0,0,3.19E-06,0
CCL9_CCR1,CCL9_CCR1,CCL,0,0,0,0
CCL6_CCR1,CCL6_CCR1,CCL,0,0,0,0
CCL8_CCR2,CCL8_CCR2,CCL,0,0,7.98E-06,0
CCL6_CCR2,CCL6_CCR2,CCL,0,0,0,0
CCL2_CCR2,CCL2_CCR2,CCL,2.51E-05,0,0,0
CCL12_CCR2,CCL12_CCR2,CCL,1.25E-05,0,3.99E-06,0
CCL27A_CCR2,CCL27A_CCR2,CCL,0.000238417,1.86E-05,0.000119692,0
CCL17_CCR4,CCL17_CCR4,CCL,0,0,0,0
CCL22_CCR4,CCL22_CCR4,CCL,0,0.002496533,0.000223425,0
CCL5_CCR4,CCL5_CCR4,CCL,0,0,0,0
CCL4_CCR5,CCL4_CCR5,CCL,0.000291299,7.43E-06,8.38E-05,0
CCL5_CCR5,CCL5_CCR5,CCL,0,0,0,0
CCL3_CCR5,CCL3_CCR5,CCL,6.72E-05,0,2.79E-05,0
CCL8_CCR5,CCL8_CCR5,CCL,0,0,5.59E-05,0
CCL19_CCR7,CCL19_CCR7,CCL,0,0,0,4.92E-05
CCL19_ACKR4,CCL19_ACKR4,CCL,0,0,0,0.000607669
CCL25_CCR9,CCL25_CCR9,CCL,0.000968007,0.00427234,0.004750973,0.004493324
CCL25_ACKR4,CCL25_ACKR4,CCL,0.00535093,0.011683921,0.004844333,0.00425368
CCL1_ACKR4,CCL1_ACKR4,CCL,0,0,0,0
CCL8_ACKR4,CCL8_ACKR4,CCL,0,0,0.000745282,0
CCL2_ACKR2,CCL2_ACKR2,CCL,7.17E-06,0,0,0
CCL3_ACKR2,CCL3_ACKR2,CCL,1.08E-05,0,1.12E-05,0
CCL4_ACKR2,CCL4_ACKR2,CCL,4.66E-05,8.67E-06,3.35E-05,0
CCL5_ACKR2,CCL5_ACKR2,CCL,0,0,0,0
CCL22_ACKR2,CCL22_ACKR2,CCL,0,6.93E-05,2.23E-05,0
CCL26_ACKR2,CCL26_ACKR2,CCL,0,0,0,0
CCL17_ACKR2,CCL17_ACKR2,CCL,0,0,0,0
CXCL1_CXCR1,CXCL1_CXCR1,CXCL,0,0,0,0
CXCL2_CXCR1,CXCL2_CXCR1,CXCL,0,0,0,0
CXCL1_CXCR2,CXCL1_CXCR2,CXCL,3.23E-05,0.000160987,0.000111712,4.07E-05
CXCL2_CXCR2,CXCL2_CXCR2,CXCL,4.84E-05,0,0,0
CXCL12_CXCR4,CXCL12_CXCR4,CXCL,3.59E-06,1.11E-05,1.12E-05,2.78E-05
CXCL12_ACKR3,CXCL12_ACKR3,CXCL,2.87E-05,4.46E-05,5.59E-06,3.00E-05
CXCL16_CXCR6,CXCL16_CXCR6,CXCL,0,0,0.000203476,0
MIF_CD74_CXCR4,MIF_CD74_CXCR4,MIF,5.02E-05,7.43E-05,0.000201082,0.000361606
MIF_CD74_CD44,MIF_CD74_CD44,MIF,0.000200772,0.000445809,0.000402165,0.000611948
MIF_CD74_CXCR2,MIF_CD74_CXCR2,MIF,7.53E-05,0.000247672,0.000402165,0.000528501
MIF_ACKR3,MIF_ACKR3,MIF,0.000401544,0.000297206,0.000100541,0.000389421
CX3CL1_CX3CR1,CX3CL1_CX3CR1,CX3C,0,0,0,0
XCL1_XCR1,XCL1_XCR1,XCR,0,0,4.79E-06,0
IL2_IL2RA_IL2RB,IL2_IL2RA_IL2RB,IL2,0,0,0,0
IL2_IL2RB_IL2RG,IL2_IL2RB_IL2RG,IL2,0,0,0,0
IL7_IL7R_IL2RG,IL7_IL7R_IL2RG,IL2,0,2.48E-06,0,2.14E-05
IL9_IL9R_IL2RG,IL9_IL9R_IL2RG,IL2,0,0,0,4.92E-05
IL15_IL15RA_IL2RB,IL15_IL15RA_IL2RB,IL2,1.08E-05,3.96E-05,0,0
IL21_IL21R_IL2RG,IL21_IL21R_IL2RG,IL2,1.79E-06,0,7.98E-07,0
TSLP_IL7R_CRLF2,TSLP_IL7R_CRLF2,IL2,0,0,0,0
IL5_IL5RA_CSF2RB,IL5_IL5RA_CSF2RB,IL4,0,0,3.19E-06,0
CSF2_CSF2RA_CSF2RB,CSF2_CSF2RA_CSF2RB,IL4,0,0,0,0
IL13_IL13RA1,IL13_IL13RA1,IL4,0,0,0,0
IL13_IL13RA2,IL13_IL13RA2,IL4,0,0,0,0
IL11_IL11RA1_IL6ST,IL11_IL11RA1_IL6ST,IL6,0.000258135,0,0,0.000492126
IL23A_IL23R_IL12RB1,IL23A_IL23R_IL12RB1,IL12,0,0,0,0
EBI3_IL27RA_IL6ST,EBI3_IL27RA_IL6ST,IL12,0,0,0,0
IL31_IL31RA_OSMR,IL31_IL31RA_OSMR,IL6,0,0.000126313,4.39E-05,0.000147638
CNTF_CNTFR_LIFR,CNTF_CNTFR_LIFR,LIFR,0,0,0,0.000145498
CLCF1_CNTFR_LIFR,CLCF1_CNTFR_LIFR,LIFR,0,0,0.000194699,0
CTF1_LIFR_IL6ST,CTF1_LIFR_IL6ST,LIFR,0,0,0.000113308,0
LIF_LIFR_IL6ST,LIF_LIFR_IL6ST,LIFR,0,0,0,0
IL10_IL10RA_IL10RB,IL10_IL10RA_IL10RB,IL10,6.27E-06,1.24E-05,0,0
IL22_IL22RA1_IL10RB,IL22_IL22RA1_IL10RB,IL10,0,0,7.18E-06,0
IL1A_IL1R1_IL1RAP,IL1A_IL1R1_IL1RAP,IL1,0.000183742,4.21E-05,0.000245767,0.000192571
IL1B_IL1R1_IL1RAP,IL1B_IL1R1_IL1RAP,IL1,3.67E-05,0,0,0
IL1F5_IL1RL2_IL1RAP,IL1F5_IL1RL2_IL1RAP,IL1,0,0,0,0
IL1F8_IL1RL2_IL1RAP,IL1F8_IL1RL2_IL1RAP,IL1,0,0,0,0
IL18_IL18R1_IL18RAP,IL18_IL18R1_IL18RAP,IL1,8.96E-07,3.72E-06,1.60E-06,0
IL33_IL1RL1_IL1RAP,IL33_IL1RL1_IL1RAP,IL1,3.59E-06,0,1.28E-05,0
IL17A_IL17RA_IL17RC,IL17A_IL17RA_IL17RC,IL17,0,0,0,0
IL17F_IL17RA_IL17RC,IL17F_IL17RA_IL17RC,IL17,8.07E-06,6.44E-05,0,8.99E-05
IL17B_IL17RB,IL17B_IL17RB,IL17,0,0,0,0
IL17C_IL17RA_IL17RE,IL17C_IL17RA_IL17RE,IL17,0,0,0,0
IL25_IL17RA_IL17RB,IL25_IL17RA_IL17RB,IL17,0,4.09E-05,4.71E-05,0
IL34_CSF1R,IL34_CSF1R,CSF,6.27E-05,8.17E-05,0.00033035,0
CSF1_CSF1R,CSF1_CSF1R,CSF,0,0,0.000165175,0
IL16_CD4,IL16_CD4,IL16,0.00010666,0.000658807,6.22E-05,4.28E-05
EPO_EPOR,EPO_EPOR,EPO,3.59E-06,3.22E-05,3.19E-05,7.06E-05
PRL_PRLR,PRL_PRLR,PRL,0,0,0,0
THPO_MPL,THPO_MPL,THPO,0,0,0,0
CSF3_CSF3R,CSF3_CSF3R,CSF3,0,0,0,0
IFNK_IFNAR1_IFNAR2,IFNK_IFNAR1_IFNAR2,IFN-I,0,0,0,0
IFNAB_IFNAR1_IFNAR2,IFNAB_IFNAR1_IFNAR2,IFN-I,0,0,0,0
TNFSF14_LTBR,TNFSF14_LTBR,LIGHT,0,0,0,0
FASL_FAS,FASL_FAS,FASLG,0,0,0,0
TNFSF15_TNFRSF25,TNFSF15_TNFRSF25,VEGI,0,0,0,6.42E-06
TNFSF10_TNFRSF10B,TNFSF10_TNFRSF10B,TRAIL,0,0,0,0
EDA_EDAR,EDA_EDAR,EDA,0.004087142,0.002152269,0.002031572,0.000449332
EDA_EDA2R,EDA_EDA2R,EDA,0.000129068,0.000245195,0.000106127,5.78E-05
NGF_NGFR,NGF_NGFR,NGF,1.79E-06,0,0,0
KLK1B4_NGFR,KLK1B4_NGFR,NGF,0,0,0,0
TNFSF11_TNFRSF11A,TNFSF11_TNFRSF11A,RANKL,0,0,0,0
TNFSF11_TNFRSF11B,TNFSF11_TNFRSF11B,RANKL,0,0,0,0
TNFSF12_TNFRSF12A,TNFSF12_TNFRSF12A,TWEAK,4.84E-05,4.46E-05,9.58E-05,2.57E-05
TNFSF8_TNFRSF8,TNFSF8_TNFRSF8,CD30,0,0,0,0
TNFSF4_TNFRSF4,TNFSF4_TNFRSF4,OX40,0,0,2.31E-05,0
TNFSF18_TNFRSF18,TNFSF18_TNFRSF18,GITRL,0,2.48E-06,0,0
TNFSF13_TNFRSF17,TNFSF13_TNFRSF17,APRIL,0,8.92E-05,4.15E-05,8.56E-06
TNFSF13_TNFRSF13B,TNFSF13_TNFRSF13B,APRIL,2.96E-05,6.69E-05,1.04E-05,1.28E-05
TNFSF13B_TNFRSF17,TNFSF13B_TNFRSF17,BAFF,0,0,3.19E-06,0
TNFSF13B_TNFRSF13B,TNFSF13B_TNFRSF13B,BAFF,2.69E-06,0,7.98E-07,0
TNFSF13B_TNFRSF13C,TNFSF13B_TNFRSF13C,BAFF,0.000449944,0,0.000209062,0
CD40LG_ITGA2B_ITGB3,CD40LG_ITGA2B_ITGB3,CD40,0,0,0,0
CD40LG_ITGA5_ITGB1,CD40LG_ITGA5_ITGB1,CD40,0,0,0,0
CD40LG_ITGAM_ITGB2,CD40LG_ITGAM_ITGB2,CD40,0,0,0,0
SPP1_CD44,SPP1_CD44,SPP1,1.43E-05,0,0,0
SPP1_ITGAV_ITGB3,SPP1_ITGAV_ITGB3,SPP1,3.94E-05,0,0,0
SPP1_ITGAV_ITGB1,SPP1_ITGAV_ITGB1,SPP1,7.35E-05,0,0,0
SPP1_ITGAV_ITGB5,SPP1_ITGAV_ITGB5,SPP1,7.35E-05,0,0,0
SPP1_ITGAV_ITGB6,SPP1_ITGAV_ITGB6,SPP1,3.05E-05,0,0,0
SPP1_ITGA4_ITGB1,SPP1_ITGA4_ITGB1,SPP1,8.96E-06,0,0,0
SPP1_ITGA9_ITGB1,SPP1_ITGA9_ITGB1,SPP1,0.000152372,0,0,0
SPP1_ITGA8_ITGB1,SPP1_ITGA8_ITGB1,SPP1,9.86E-06,0,0,0
SPP1_ITGA5_ITGB1,SPP1_ITGA5_ITGB1,SPP1,1.43E-05,0,0,0
ADIPOQ_ADIPOR1,ADIPOQ_ADIPOR1,ADIPONECTIN,0,0,0.000696607,0.000412958
ADIPOQ_ADIPOR2,ADIPOQ_ADIPOR2,ADIPONECTIN,0,0,0.001182557,0.000646183
RETN_TLR4,RETN_TLR4,RESISTIN,0.00019629,0.000183277,9.89E-05,0
RETN_CAP1,RETN_CAP1,RESISTIN,0.000529715,0.000319497,0.000713364,0
NAMPT_INSR,NAMPT_INSR,VISFATIN,0.003312736,0.006505102,0.019559262,0.029514721
NAMPT_ITGA5_ITGB1,NAMPT_ITGA5_ITGB1,VISFATIN,0.000803088,0.001389439,0.002961977,0.002047672
ANGPTL1_ITGA1_ITGB1,ANGPTL1_ITGA1_ITGB1,ANGPTL,0.000134445,0.000425996,0.001558389,0
ANGPTL2_ITGA5_ITGB1,ANGPTL2_ITGA5_ITGB1,ANGPTL,0.000129068,0.000163463,0.000185124,0
ANGPTL2_TLR4,ANGPTL2_TLR4,ANGPTL,0.000588871,0.001099663,0.000197891,0
ANGPTL2_PIRB,ANGPTL2_PIRB,ANGPTL,6.45E-05,0.000193184,0.000258535,0
ANGPTL1_PIRB,ANGPTL1_PIRB,ANGPTL,7.17E-06,6.44E-05,0.000193901,0
ANGPTL7_PIRB,ANGPTL7_PIRB,ANGPTL,5.74E-05,0.000289776,0.000258535,4.28E-05
ANGPTL4_ITGA5_ITGB1,ANGPTL4_ITGA5_ITGB1,ANGPTL,0,0,0,0
ANGPTL4_ITGAV_ITGB3,ANGPTL4_ITGAV_ITGB3,ANGPTL,0,0,0,0
ANGPTL4_CDH5,ANGPTL4_CDH5,ANGPTL,0,0,0,0
ANGPTL4_CDH11,ANGPTL4_CDH11,ANGPTL,0,0,0,0
ANGPTL4_SDC1,ANGPTL4_SDC1,ANGPTL,0,0,0,0
ANGPTL4_SDC2,ANGPTL4_SDC2,ANGPTL,0,0,0,0
ANGPTL4_SDC3,ANGPTL4_SDC3,ANGPTL,0,0,0,0
ANGPTL4_SDC4,ANGPTL4_SDC4,ANGPTL,0,0,0,0
ANGPTL3_ITGAV_ITGB3,ANGPTL3_ITGAV_ITGB3,ANGPTL,0.002445115,0.004146027,0.006381975,0.003444882
ANGPT1_TEK,ANGPT1_TEK,ANGPT,0,0,0,0
ANGPT2_TEK,ANGPT2_TEK,ANGPT,0.01232596,0.015884436,0.06386763,0.075958576
ANGPT2_ITGA5_ITGB1,ANGPT2_ITGA5_ITGB1,ANGPT,0.000258135,0.002751635,0.006710729,0.001551267
MDK_SDC1,MDK_SDC1,MK,5.02E-05,0,9.10E-05,0
MDK_SDC2,MDK_SDC2,MK,0.004191113,0,0.003037782,0
MDK_SDC4,MDK_SDC4,MK,0.000181053,0,0.000258535,0
MDK_PTPRZ1,MDK_PTPRZ1,MK,3.05E-05,0,2.39E-05,0
MDK_ITGA4_ITGB1,MDK_ITGA4_ITGB1,MK,1.79E-05,0,0.000153206,0
MDK_ITGA6_ITGB1,MDK_ITGA6_ITGB1,MK,8.96E-05,0,0.000177144,0
MDK_LRP1,MDK_LRP1,MK,0.000161335,0,0.000450042,0
MDK_NCL,MDK_NCL,MK,0.001179535,0,0.002329206,0
MDK_ALK,MDK_ALK,MK,0.003922222,0,0.000426103,0
PTN_PTPRZ1,PTN_PTPRZ1,PTN,0,0,7.98E-06,7.70E-05
PTN_SDC1,PTN_SDC1,PTN,0,0,3.03E-05,0.000102705
PTN_SDC2,PTN_SDC2,PTN,0,0,0.001012594,0.016543992
PTN_SDC3,PTN_SDC3,PTN,0,0,0.000279281,0.000299555
PTN_SDC4,PTN_SDC4,PTN,0,0,8.62E-05,0.000770284
PTN_ITGAV_ITGB3,PTN_ITGAV_ITGB3,PTN,0,0,4.95E-05,0.000299555
PTN_NCL,PTN_NCL,PTN,0,0,0.000776402,0.006196508
PTN_ALK,PTN_ALK,PTN,0,0,0.000142034,0.010022253
POSTN_ITGAV_ITGB3,POSTN_ITGAV_ITGB3,PERIOSTIN,0,0,9.89E-05,7.49E-05
POSTN_ITGAV_ITGB5,POSTN_ITGAV_ITGB5,PERIOSTIN,0,0,9.89E-05,9.41E-05
AGT_AGTR1A,AGT_AGTR1A,AGT,4.57E-05,0.000160987,0.000219435,2.78E-05
AGT_AGTR1B,AGT_AGTR1B,AGT,0.000524337,0.001664355,0.001308632,0.000119822
GRP_GRPR,GRP_GRPR,GPR,0,0,0,0
NMB_NMBR,NMB_NMBR,GPR,0.000458907,0.001290371,0.000988656,0.000271739
KNG1_BDKRB1,KNG1_BDKRB1,BRADYKININ,0,0,0,0
KNG1_BDKRB2,KNG1_BDKRB2,BRADYKININ,0,0,0,0
KNG2_BDKRB1,KNG2_BDKRB1,BRADYKININ,0,0,0,0
KNG2_BDKRB2,KNG2_BDKRB2,BRADYKININ,0,0,0,0
C3_C3AR1,C3_C3AR1,COMPLEMENT,1.79E-05,0,0,0
C3_CR2,C3_CR2,COMPLEMENT,3.05E-05,0,0,0
C3_ITGAM_ITGB2,C3_ITGAM_ITGB2,COMPLEMENT,7.17E-06,0,0,0
C3_ITGAX_ITGB2,C3_ITGAX_ITGB2,COMPLEMENT,1.25E-05,0,0,0
C4A_C3AR1,C4A_C3AR1,COMPLEMENT,8.96E-06,8.67E-06,2.07E-05,0
C4B_CR2,C4B_CR2,COMPLEMENT,0,2.97E-05,0,0
HC_C5AR1,HC_C5AR1,COMPLEMENT,0,0,0,0
CCK_CCKBR,CCK_CCKBR,CCK,0,0,0,0
EDN1_EDNRA,EDN1_EDNRA,EDN,0.005033638,0.007677828,0.021589238,0.031237162
EDN2_EDNRA,EDN2_EDNRA,EDN,0,0,0,0
EDN3_EDNRA,EDN3_EDNRA,EDN,0,0,0,0
EDN1_EDNRB,EDN1_EDNRB,EDN,1.43E-05,7.43E-05,9.10E-05,0.000111263
EDN2_EDNRB,EDN2_EDNRB,EDN,0,0,0,0
EDN3_EDNRB,EDN3_EDNRB,EDN,0,0,0,0
GAL_GALR1,GAL_GALR1,GALANIN,0,0,6.38E-06,0
GAL_GALR2,GAL_GALR2,GALANIN,0,0,3.19E-06,0
GAL_GALR3,GAL_GALR3,GALANIN,0,0,2.39E-06,0
GALP_GALR1,GALP_GALR1,GALANIN,1.79E-05,0.00017337,3.83E-05,5.14E-05
GALP_GALR2,GALP_GALR2,GALANIN,1.79E-05,3.47E-05,1.92E-05,1.28E-05
GHRL_GHSR,GHRL_GHSR,GHRELIN,0,0,6.94E-05,4.28E-06
POMC_MC1R,POMC_MC1R,MELANOCORTIN,3.23E-05,5.45E-05,4.47E-05,1.28E-05
POMC_MC2R,POMC_MC2R,MELANOCORTIN,5.38E-06,0,6.38E-05,3.85E-05
POMC_MC4R,POMC_MC4R,MELANOCORTIN,0,4.95E-06,6.38E-06,0
POMC_MC5R,POMC_MC5R,MELANOCORTIN,1.61E-05,9.91E-06,0.000159589,2.14E-05
NMU_NMUR1,NMU_NMUR1,NMU,0,0,0.000537816,0.000541339
NMU_NMUR2,NMU_NMUR2,NMU,0,0,6.38E-06,3.21E-05
NMS_NMUR1,NMS_NMUR1,NMU,0,0,0,0
NMS_NMUR2,NMS_NMUR2,NMU,0,0,0,0
NPFF_NPFFR1,NPFF_NPFFR1,NPFF,0.000257239,0.000222905,0.004126979,0.010899521
NPFF_NPFFR2,NPFF_NPFFR2,NPFF,3.76E-05,9.91E-06,7.66E-05,0.000192571
NPY_NPY4R,NPY_NPY4R,NPY,0,0,0,0
NPY_NPY6R,NPY_NPY6R,NPY,0,0,0,0
NPY_GPR83,NPY_GPR83,NPY,0,0,0,0
NPY_PGR15L,NPY_PGR15L,NPY,0,0,0,0
PYY_NPY4R,PYY_NPY4R,NPY,8.07E-06,6.19E-06,0,0
PYY_NPY6R,PYY_NPY6R,NPY,1.79E-05,2.48E-06,0,0
PYY_GPR83,PYY_GPR83,NPY,0,4.95E-06,0,0
PYY_PGR15L,PYY_PGR15L,NPY,0,4.95E-06,0,0
PENK_OPRD1,PENK_OPRD1,OPIOID,0,0.000572122,0.000175548,0
PENK_OPRL1,PENK_OPRL1,OPIOID,0,0.000282346,0.0001556,0
PENK_OPRM1,PENK_OPRM1,OPIOID,0,0.001188825,0.000251353,0
POMC_OPRD1,POMC_OPRD1,OPIOID,0.000618449,0.000381415,0.000280877,0.000106984
POMC_OPRL1,POMC_OPRL1,OPIOID,0.000924985,0.000188231,0.000248959,0.00033165
POMC_OPRM1,POMC_OPRM1,OPIOID,0.000613071,0.00079255,0.000402165,0.000162616
HCRT_HCRTR1,HCRT_HCRTR1,HCRT,0,0,0,0
HCRT_HCRTR2,HCRT_HCRTR2,HCRT,0,0,0,0
CORT_SSTR2,CORT_SSTR2,SOMATOSTATIN,0,0,0,0
CORT_SSTR3,CORT_SSTR3,SOMATOSTATIN,0,0,0,0
TAC1_TACR1,TAC1_TACR1,TAC,6.27E-05,0,6.94E-05,0
TAC4_TACR1,TAC4_TACR1,TAC,1.25E-05,3.22E-05,6.94E-05,0
TAC1_TACR2,TAC1_TACR2,TAC,1.34E-05,0,4.79E-06,0
TAC2_TACR3,TAC2_TACR3,TAC,0,0,0,0
AVP_AVPR1A,AVP_AVPR1A,AVP,0,0,0,0
TRY5_F2R,TRY5_F2R,PARs,0,0,1.20E-05,0
F2_F2R,F2_F2R,PARs,3.59E-06,0,1.20E-05,1.07E-05
GZMA_F2R,GZMA_F2R,PARs,0,0,0,0
PRSS2_F2R,PRSS2_F2R,PARs,0,0,0,0
TRY10_F2R,TRY10_F2R,PARs,0,0,0,0
TRY5_F2RL2,TRY5_F2RL2,PARs,0,0,2.31E-05,0
F2_F2RL2,F2_F2RL2,PARs,0.000277854,0,2.31E-05,0.000243923
GZMA_F2RL2,GZMA_F2RL2,PARs,0,0,0,0
PRSS2_F2RL2,PRSS2_F2RL2,PARs,0,0,0,0
TRY10_F2RL2,TRY10_F2RL2,PARs,0,0,0,0
TRY5_F2RL3,TRY5_F2RL3,PARs,0,0,1.60E-06,0
F2_F2RL3,F2_F2RL3,PARs,0,0,1.60E-06,0
GZMA_F2RL3,GZMA_F2RL3,PARs,0,0,0,0
PLG_F2RL3,PLG_F2RL3,PARs,0,0,0,0
PRSS2_F2RL3,PRSS2_F2RL3,PARs,0,0,0,0
TRY10_F2RL3,TRY10_F2RL3,PARs,0,0,0,0
TRY5_PARD3,TRY5_PARD3,PARs,0,0,0.000239384,0
F2_PARD3,F2_PARD3,PARs,0.000324462,0,0.000239384,0.000748887
GZMA_PARD3,GZMA_PARD3,PARs,0,0,0,0
PLG_PARD3,PLG_PARD3,PARs,0,0.000162225,0,0
PRSS2_PARD3,PRSS2_PARD3,PARs,0,0,0,0
TRY10_PARD3,TRY10_PARD3,PARs,0,0,0,0
PMCH_MCHR1,PMCH_MCHR1,PMCH,0,0,0,0
PROK2_PROKR1,PROK2_PROKR1,PROK,6.27E-05,0.000148603,2.87E-05,0
PROK2_PROKR2,PROK2_PROKR2,PROK,2.15E-05,0.000148603,0.000108521,0
VIP_VIPR1,VIP_VIPR1,VIP,0,0,0,0
VIP_VIPR2,VIP_VIPR2,VIP,0,0,0,0
NPPA_NPR1,NPPA_NPR1,NPR1,0,0,0,0.000258901
NPPB_NPR1,NPPB_NPR1,NPR1,0,0,0,0
NPPC_NPR2,NPPC_NPR2,NPR2,2.33E-05,0,0,0
KITL_KIT,KITL_KIT,KIT,0.041108046,0.05046067,0.066251096,0.07579596
GIP_GIPR,GIP_GIPR,GIPR,0.010282389,0,0,0.001583362
CGA_FSHR,CGA_FSHR,FSH,0,0,0,0
LHB_LHCGR,LHB_LHCGR,LHB,0,0,0,0
CGA_LHCGR,CGA_LHCGR,LHB,0,0,0,0
TSHB_TSHR,TSHB_TSHR,TSH,0,0,0.000412538,0
CGA_TSHR,CGA_TSHR,TSH,0,0,0,0
BDNF_NTRK2,BDNF_NTRK2,NT,0,0,0,0.000288857
NGF_NTRK1,NGF_NTRK1,NT,5.38E-06,0,0,0
FLT3L_FLT3,FLT3L_FLT3,FLT3,9.86E-06,5.08E-05,0,0
HGF_MET,HGF_MET,HGF,0,0,4.31E-05,0
NTF3_NTRK1,NTF3_NTRK1,NT,5.38E-06,0,1.92E-05,0
NTF3_NTRK2,NTF3_NTRK2,NT,0.000241106,0,0.000165973,0
NTF3_NTRK3,NTF3_NTRK3,NT,0.000644442,0,0.000349501,0
NTF5_NTRK2,NTF5_NTRK2,NT,0,0,0,0
SEMA3A_NRP1_PLXNA1,SEMA3A_NRP1_PLXNA1,SEMA3,0,0,0.000107723,0
SEMA3A_NRP1_PLXNA2,SEMA3A_NRP1_PLXNA2,SEMA3,0,0,0.000107723,0
SEMA3A_NRP1_PLXNA3,SEMA3A_NRP1_PLXNA3,SEMA3,0,0,5.03E-05,0
SEMA3A_NRP1_PLXNA4,SEMA3A_NRP1_PLXNA4,SEMA3,0,0,0.000107723,0
SEMA3B_NRP1_PLXNA1,SEMA3B_NRP1_PLXNA1,SEMA3,0,0,0,0
SEMA3B_NRP1_PLXNA2,SEMA3B_NRP1_PLXNA2,SEMA3,0,0,0,0
SEMA3B_NRP1_PLXNA3,SEMA3B_NRP1_PLXNA3,SEMA3,0,0,0,0
SEMA3B_NRP1_PLXNA4,SEMA3B_NRP1_PLXNA4,SEMA3,0,0,0,0
SEMA3C_NRP1_PLXNA1,SEMA3C_NRP1_PLXNA1,SEMA3,0.005276536,0.003566475,0.004560264,0.009468076
SEMA3C_NRP1_PLXNA2,SEMA3C_NRP1_PLXNA2,SEMA3,0.005276536,0.003566475,0.004560264,0.009468076
SEMA3C_NRP1_PLXNA3,SEMA3C_NRP1_PLXNA3,SEMA3,0.002547293,0.000713295,0.002128123,0.000962855
SEMA3C_NRP1_PLXNA4,SEMA3C_NRP1_PLXNA4,SEMA3,0.005276536,0.003566475,0.004560264,0.009468076
SEMA3D_NRP1_PLXNA1,SEMA3D_NRP1_PLXNA1,SEMA3,0,0,3.59E-05,0
SEMA3D_NRP1_PLXNA2,SEMA3D_NRP1_PLXNA2,SEMA3,0,0,3.59E-05,0
SEMA3D_NRP1_PLXNA3,SEMA3D_NRP1_PLXNA3,SEMA3,0,0,1.68E-05,0
SEMA3D_NRP1_PLXNA4,SEMA3D_NRP1_PLXNA4,SEMA3,0,0,3.59E-05,0
SEMA3B_NRP2_PLXNA1,SEMA3B_NRP2_PLXNA1,SEMA3,0,0,0,0
SEMA3B_NRP2_PLXNA2,SEMA3B_NRP2_PLXNA2,SEMA3,0,0,0,0
SEMA3B_NRP2_PLXNA3,SEMA3B_NRP2_PLXNA3,SEMA3,0,0,0,0
SEMA3B_NRP2_PLXNA4,SEMA3B_NRP2_PLXNA4,SEMA3,0,0,0,0
SEMA3C_NRP2_PLXNA1,SEMA3C_NRP2_PLXNA1,SEMA3,0.008369678,0.008292055,0.019457125,0.011875214
SEMA3C_NRP2_PLXNA2,SEMA3C_NRP2_PLXNA2,SEMA3,0.008369678,0.008292055,0.022699979,0.019899007
SEMA3C_NRP2_PLXNA3,SEMA3C_NRP2_PLXNA3,SEMA3,0.002547293,0.000713295,0.002128123,0.000962855
SEMA3C_NRP2_PLXNA4,SEMA3C_NRP2_PLXNA4,SEMA3,0.008369678,0.008292055,0.02138257,0.019899007
SEMA3D_NRP2_PLXNA1,SEMA3D_NRP2_PLXNA1,SEMA3,0,0,0.000153206,0
SEMA3D_NRP2_PLXNA2,SEMA3D_NRP2_PLXNA2,SEMA3,0,0,0.00017874,0
SEMA3D_NRP2_PLXNA3,SEMA3D_NRP2_PLXNA3,SEMA3,0,0,1.68E-05,0
SEMA3D_NRP2_PLXNA4,SEMA3D_NRP2_PLXNA4,SEMA3,0,0,0.000168367,0
SEMA3F_NRP2_PLXNA1,SEMA3F_NRP2_PLXNA1,SEMA3,0,0,0,0
SEMA3F_NRP2_PLXNA2,SEMA3F_NRP2_PLXNA2,SEMA3,0,0,0,0
SEMA3F_NRP2_PLXNA3,SEMA3F_NRP2_PLXNA3,SEMA3,0,0,0,0
SEMA3F_NRP2_PLXNA4,SEMA3F_NRP2_PLXNA4,SEMA3,0,0,0,0
SEMA3G_NRP2_PLXNA1,SEMA3G_NRP2_PLXNA1,SEMA3,0,0,0,0
SEMA3G_NRP2_PLXNA2,SEMA3G_NRP2_PLXNA2,SEMA3,0,0,0,0
SEMA3G_NRP2_PLXNA3,SEMA3G_NRP2_PLXNA3,SEMA3,0,0,0,0
SEMA3G_NRP2_PLXNA4,SEMA3G_NRP2_PLXNA4,SEMA3,0,0,0,0
SEMA3C_NRP1_NRP2,SEMA3C_NRP1_NRP2,SEMA3,0.005276536,0.003566475,0.004560264,0.009468076
SEMA3C_PLXND1,SEMA3C_PLXND1,SEMA3,0.005276536,0.001604914,0.002634819,0.003690945
SEMA3E_PLXND1,SEMA3E_PLXND1,SEMA3,2.60E-05,0,4.15E-05,9.84E-05
ADM_CALCR,ADM_CALCR,CALCR,1.25E-05,0,0,0
ADM_CALCRL,ADM_CALCRL,CALCR,5.20E-05,0,0,0
AGT_MAS1,AGT_MAS1,AGT,0.000204357,0.000284823,0.005074939,0.003245892
ANXA1_FPR1,ANXA1_FPR1,ANNEXIN,7.17E-06,2.48E-06,2.39E-06,4.28E-06
CALCA_CALCR,CALCA_CALCR,CALCR,0,0,0,0
CALCA_CALCRL,CALCA_CALCRL,CALCR,0,0,0,0
ENHO_GPR19,ENHO_GPR19,ENHO,0.001003859,0.001029077,0,0
GAS6_AXL,GAS6_AXL,GAS,0.000155957,0.007147811,0.013976031,0.003337898
GAS6_MERTK,GAS6_MERTK,GAS,0.000145201,0.004856846,0.007123268,0.002773023
GAS6_TYRO3,GAS6_TYRO3,GAS,0.000279647,0.005040123,0.006311756,0.002464909
GHRH_VIPR1,GHRH_VIPR1,GHRH,0,0,4.23E-05,0
GHRH_VIPR2,GHRH_VIPR2,GHRH,0,0,1.52E-05,0
GHRH_GHSR,GHRH_GHSR,GHRH,0,0,2.39E-06,0
GNRH1_GNRHR,GNRH1_GNRHR,GNRH,1.88E-05,0,0,0.000186152
GRN_SORT1,GRN_SORT1,GRN,0.001008341,0.001941748,0.00329871,0.009885313
GUCA2A_GUCY2C,GUCA2A_GUCY2C,GUCA,0,4.21E-05,0,0
IAPP_CALCR,IAPP_CALCR,CALCR,1.88E-05,0,0,5.78E-05
IAPP_CALCRL,IAPP_CALCRL,CALCR,7.80E-05,0,0,0.000256761
INSL3_RXFP2,INSL3_RXFP2,RLN,0.000724213,0.000277393,0.004078304,0.000644043
INSL3_RXFP1,INSL3_RXFP1,RLN,0.000100386,0.000111452,0.001379649,4.92E-05
INSL5_RXFP2,INSL5_RXFP2,RLN,0,0,0,0.000644043
INSL5_RXFP1,INSL5_RXFP1,RLN,0,0,0,4.92E-05
LGALS9_IGHM,LGALS9_IGHM,GALECTIN,0,0,9.58E-06,0
NPS_NPSR1,NPS_NPSR1,NPS,6.27E-06,1.98E-05,2.15E-05,0
NPVF_NPFFR1,NPVF_NPFFR1,NPVF,0,0,0,0
NPVF_NPFFR2,NPVF_NPFFR2,NPVF,0,0,0,0
OSTN_NPR3,OSTN_NPR3,OSTN,0,0,0,0
PMCH_MERTK,PMCH_MERTK,PMCH,0,0,0,0
PROS1_AXL,PROS1_AXL,PROS,0.006498198,0.008596691,0.018181209,0.00904014
PROS1_TYRO3,PROS1_TYRO3,PROS,0.01165194,0.006061769,0.008210869,0.006675796
PSAP_GPR37,PSAP_GPR37,PSAP,0.006670288,0.004646325,0.002904525,0.001104074
PTH_PTH1R,PTH_PTH1R,PTH,0,0,0,0
PTH_PTH2R,PTH_PTH2R,PTH,0,0,0,0
PTH2_PTH1R,PTH2_PTH1R,PTH,1.70E-05,0.000217951,9.58E-05,9.41E-05
PTH2_PTH2R,PTH2_PTH2R,PTH,0.00086314,0.001248266,0.000309603,0.001544848
QRFP_QRFPR,QRFP_QRFPR,QRFP,0,0,0,0
RARRES2_GPR1,RARRES2_GPR1,CHEMERIN,0,0,0.000418124,0
RARRES2_CMKLR1,RARRES2_CMKLR1,CHEMERIN,0,0,0.00071496,0
SCGB3A2_MARCO,SCGB3A2_MARCO,UGRP1,0,0,0,0
SCT_SCTR,SCT_SCTR,SCT,0,0,0.000876145,0
SLURP1_CHRNB1,SLURP1_CHRNB1,SLURP,0,0,0,0
SLURP1_CHRNB2,SLURP1_CHRNB2,SLURP,0,0,0,0
SLURP1_CHRNB3,SLURP1_CHRNB3,SLURP,0,0,0,0
SLURP1_CHRNB4,SLURP1_CHRNB4,SLURP,0,0,0,0
SLURP1_CHRNA1,SLURP1_CHRNA1,SLURP,0,0,0,0
SLURP1_CHRNA2,SLURP1_CHRNA2,SLURP,0,0,0,0
SLURP1_CHRNA3,SLURP1_CHRNA3,SLURP,0,0,0,0
SLURP1_CHRNA4,SLURP1_CHRNA4,SLURP,0,0,0,0
SLURP1_CHRNA5,SLURP1_CHRNA5,SLURP,0,0,0,0
SLURP1_CHRNA6,SLURP1_CHRNA6,SLURP,0,0,0,0
SLURP1_CHRNA9,SLURP1_CHRNA9,SLURP,0,0,0,0
SLURP1_CHRNA10,SLURP1_CHRNA10,SLURP,0,0,0,0
SLURP1_CHRND,SLURP1_CHRND,SLURP,0,0,0,0
SLURP1_CHRNE,SLURP1_CHRNE,SLURP,0,0,0,0
SLURP1_CHRNG,SLURP1_CHRNG,SLURP,0,0,0,0
SLURP1_CHRNA7,SLURP1_CHRNA7,SLURP,0,0,0,0
TRH_TRHR,TRH_TRHR,TRH,3.94E-05,4.95E-05,0,0
TRH_TRHR2,TRH_TRHR2,TRH,0,9.91E-06,0,0
UCN_CRHR1,UCN_CRHR1,UCN,0,0,0,0
UCN_CRHR2,UCN_CRHR2,UCN,0,0,0,0
UCN2_CRHR1,UCN2_CRHR1,UCN,5.29E-05,0,0,6.42E-05
UCN2_CRHR2,UCN2_CRHR2,UCN,3.59E-06,0,0,0
UCN3_CRHR1,UCN3_CRHR1,UCN,0,0,0,0
UCN3_CRHR2,UCN3_CRHR2,UCN,0,0,0,0
LGALS9_HAVCR2,LGALS9_HAVCR2,GALECTIN,0,0,2.23E-05,0
LGALS9_CD44,LGALS9_CD44,GALECTIN,0,0,4.63E-05,0
COL1A1_ITGA1_ITGB1,COL1A1_ITGA1_ITGB1,COLLAGEN,0.000134445,0,0.002597316,0
COL1A2_ITGA1_ITGB1,COL1A2_ITGA1_ITGB1,COLLAGEN,0,0.000212998,0.004675168,0
COL2A1_ITGA1_ITGB1,COL2A1_ITGA1_ITGB1,COLLAGEN,0,0.000212998,0.001558389,0
COL4A1_ITGA1_ITGB1,COL4A1_ITGA1_ITGB1,COLLAGEN,0.000268891,0,0.005194631,0.001917152
COL4A2_ITGA1_ITGB1,COL4A2_ITGA1_ITGB1,COLLAGEN,0.000268891,0.001064989,0.003116779,0.001917152
COL4A3_ITGA1_ITGB1,COL4A3_ITGA1_ITGB1,COLLAGEN,0.002420018,0.025346741,0.052985237,0.009585758
COL4A4_ITGA1_ITGB1,COL4A4_ITGA1_ITGB1,COLLAGEN,0.006050046,0.039830592,0.102853696,0.027798699
COL4A5_ITGA1_ITGB1,COL4A5_ITGA1_ITGB1,COLLAGEN,0.000806673,0.003407965,0.010389262,0.005751455
COL4A6_ITGA1_ITGB1,COL4A6_ITGA1_ITGB1,COLLAGEN,0.000941118,0.006389935,0.006233557,0.001917152
COL6A1_ITGA1_ITGB1,COL6A1_ITGA1_ITGB1,COLLAGEN,0.000134445,0,0.000519463,0
COL6A2_ITGA1_ITGB1,COL6A2_ITGA1_ITGB1,COLLAGEN,0,0.000212998,0.001038926,0
COL6A3_ITGA1_ITGB1,COL6A3_ITGA1_ITGB1,COLLAGEN,0.000537782,0,0.000519463,0
COL6A4_ITGA1_ITGB1,COL6A4_ITGA1_ITGB1,COLLAGEN,0.000268891,0,0.002077852,0
COL6A5_ITGA1_ITGB1,COL6A5_ITGA1_ITGB1,COLLAGEN,0.000134445,0,0.001558389,0.003834303
COL6A6_ITGA1_ITGB1,COL6A6_ITGA1_ITGB1,COLLAGEN,0.000537782,0.000212998,0.002597316,0.003834303
COL9A1_ITGA1_ITGB1,COL9A1_ITGA1_ITGB1,COLLAGEN,0,0.000212998,0.000519463,0
COL9A2_ITGA1_ITGB1,COL9A2_ITGA1_ITGB1,COLLAGEN,0,0,0,0
COL9A3_ITGA1_ITGB1,COL9A3_ITGA1_ITGB1,COLLAGEN,0.001613346,0.000638993,0.002077852,0.002875727
COL1A1_ITGA2_ITGB1,COL1A1_ITGA2_ITGB1,COLLAGEN,6.72E-05,0,0.000690224,0
COL1A2_ITGA2_ITGB1,COL1A2_ITGA2_ITGB1,COLLAGEN,0,4.71E-05,0.001242403,0
COL2A1_ITGA2_ITGB1,COL2A1_ITGA2_ITGB1,COLLAGEN,0,4.71E-05,0.000414134,0
COL4A1_ITGA2_ITGB1,COL4A1_ITGA2_ITGB1,COLLAGEN,0.000134445,0,0.001380447,0.000676138
COL4A2_ITGA2_ITGB1,COL4A2_ITGA2_ITGB1,COLLAGEN,0.000134445,0.000235288,0.000828268,0.000676138
COL4A3_ITGA2_ITGB1,COL4A3_ITGA2_ITGB1,COLLAGEN,0.001210009,0.005599861,0.014080562,0.003380692
COL4A4_ITGA2_ITGB1,COL4A4_ITGA2_ITGB1,COLLAGEN,0.003025023,0.008799782,0.027332856,0.009804005
COL4A5_ITGA2_ITGB1,COL4A5_ITGA2_ITGB1,COLLAGEN,0.000403336,0.000752923,0.002760895,0.002028415
COL4A6_ITGA2_ITGB1,COL4A6_ITGA2_ITGB1,COLLAGEN,0.000470559,0.00141173,0.001656537,0.000676138
COL6A1_ITGA2_ITGB1,COL6A1_ITGA2_ITGB1,COLLAGEN,6.72E-05,0,0.000138045,0
COL6A2_ITGA2_ITGB1,COL6A2_ITGA2_ITGB1,COLLAGEN,0,4.71E-05,0.000276089,0
COL6A3_ITGA2_ITGB1,COL6A3_ITGA2_ITGB1,COLLAGEN,0.000268891,0,0.000138045,0
COL6A4_ITGA2_ITGB1,COL6A4_ITGA2_ITGB1,COLLAGEN,0.000134445,0,0.000552179,0
COL6A5_ITGA2_ITGB1,COL6A5_ITGA2_ITGB1,COLLAGEN,6.72E-05,0,0.000414134,0.001352277
COL6A6_ITGA2_ITGB1,COL6A6_ITGA2_ITGB1,COLLAGEN,0.000268891,4.71E-05,0.000690224,0.001352277
COL9A1_ITGA2_ITGB1,COL9A1_ITGA2_ITGB1,COLLAGEN,0,4.71E-05,0.000138045,0
COL9A2_ITGA2_ITGB1,COL9A2_ITGA2_ITGB1,COLLAGEN,0,0,0,0
COL9A3_ITGA2_ITGB1,COL9A3_ITGA2_ITGB1,COLLAGEN,0.000806673,0.000141173,0.000552179,0.001014207
FN1_ITGA3_ITGB1,FN1_ITGA3_ITGB1,FN1,0,0,7.26E-05,3.00E-05
FN1_ITGA4_ITGB1,FN1_ITGA4_ITGB1,FN1,0,0,5.11E-05,5.35E-05
FN1_ITGA5_ITGB1,FN1_ITGA5_ITGB1,FN1,0,0,4.63E-05,6.21E-05
FN1_ITGA8_ITGB1,FN1_ITGA8_ITGB1,FN1,0,0,0.000128469,0.000616227
LAMA1_ITGA1_ITGB1,LAMA1_ITGA1_ITGB1,LAMININ,0.02312462,0.072632257,0.235836252,0.127490585
LAMA2_ITGA1_ITGB1,LAMA2_ITGA1_ITGB1,LAMININ,0.001613346,0.001703983,0.00831141,0.007668607
LAMA3_ITGA1_ITGB1,LAMA3_ITGA1_ITGB1,LAMININ,0.001882237,0.001490985,0.001558389,0.004792879
LAMA4_ITGA1_ITGB1,LAMA4_ITGA1_ITGB1,LAMININ,0.000268891,0,0.001038926,0.000958576
LAMA5_ITGA1_ITGB1,LAMA5_ITGA1_ITGB1,LAMININ,0,0.000425996,0,0
LAMB1_ITGA1_ITGB1,LAMB1_ITGA1_ITGB1,LAMININ,0.000268891,0.000638993,0.003636242,0.002875727
LAMB2_ITGA1_ITGB1,LAMB2_ITGA1_ITGB1,LAMININ,0.000672227,0.000851991,0.00675302,0.002875727
LAMB3_ITGA1_ITGB1,LAMB3_ITGA1_ITGB1,LAMININ,0.000672227,0.000212998,0.002077852,0.000958576
LAMC1_ITGA1_ITGB1,LAMC1_ITGA1_ITGB1,LAMININ,0.004033364,0.004685952,0.011947652,0.002875727
LAMC2_ITGA1_ITGB1,LAMC2_ITGA1_ITGB1,LAMININ,0.000134445,0,0.000519463,0
LAMC3_ITGA1_ITGB1,LAMC3_ITGA1_ITGB1,LAMININ,0.000537782,0.000851991,0.004675168,0
LAMA1_ITGA2_ITGB1,LAMA1_ITGA2_ITGB1,LAMININ,0.01156231,0.016046661,0.062672307,0.044963198
LAMA2_ITGA2_ITGB1,LAMA2_ITGA2_ITGB1,LAMININ,0.000806673,0.000376461,0.002208716,0.002704553
LAMA3_ITGA2_ITGB1,LAMA3_ITGA2_ITGB1,LAMININ,0.000941118,0.000329404,0.000414134,0.001690346
LAMA4_ITGA2_ITGB1,LAMA4_ITGA2_ITGB1,LAMININ,0.000134445,0,0.000276089,0.000338069
LAMA5_ITGA2_ITGB1,LAMA5_ITGA2_ITGB1,LAMININ,0,9.41E-05,0,0
LAMB1_ITGA2_ITGB1,LAMB1_ITGA2_ITGB1,LAMININ,0.000134445,0.000141173,0.000966313,0.001014207
LAMB2_ITGA2_ITGB1,LAMB2_ITGA2_ITGB1,LAMININ,0.000336114,0.000188231,0.001794581,0.001014207
LAMB3_ITGA2_ITGB1,LAMB3_ITGA2_ITGB1,LAMININ,0.000336114,4.71E-05,0.000552179,0.000338069
LAMC1_ITGA2_ITGB1,LAMC1_ITGA2_ITGB1,LAMININ,0.002016682,0.001035268,0.003175029,0.001014207
LAMC2_ITGA2_ITGB1,LAMC2_ITGA2_ITGB1,LAMININ,6.72E-05,0,0.000138045,0
LAMC3_ITGA2_ITGB1,LAMC3_ITGA2_ITGB1,LAMININ,0.000268891,0.000188231,0.001242403,0
CHAD_ITGA2_ITGB1,CHAD_ITGA2_ITGB1,CHAD,0.000134445,4.71E-05,0,0
LAMA1_ITGA3_ITGB1,LAMA1_ITGA3_ITGB1,LAMININ,0.000770821,0.017735784,0.032966358,0.003984081
LAMA2_ITGA3_ITGB1,LAMA2_ITGA3_ITGB1,LAMININ,5.38E-05,0.000416089,0.00116181,0.000239644
LAMA3_ITGA3_ITGB1,LAMA3_ITGA3_ITGB1,LAMININ,6.27E-05,0.000364078,0.000217839,0.000149777
LAMA4_ITGA3_ITGB1,LAMA4_ITGA3_ITGB1,LAMININ,8.96E-06,0,0.000145226,3.00E-05
LAMA5_ITGA3_ITGB1,LAMA5_ITGA3_ITGB1,LAMININ,0,0.000104022,0,0
LAMB1_ITGA3_ITGB1,LAMB1_ITGA3_ITGB1,LAMININ,8.96E-06,0.000156033,0.000508292,8.99E-05
LAMB2_ITGA3_ITGB1,LAMB2_ITGA3_ITGB1,LAMININ,2.24E-05,0.000208044,0.000943971,8.99E-05
LAMB3_ITGA3_ITGB1,LAMB3_ITGA3_ITGB1,LAMININ,2.24E-05,5.20E-05,0.000290452,3.00E-05
LAMC1_ITGA3_ITGB1,LAMC1_ITGA3_ITGB1,LAMININ,0.000134445,0.001144244,0.001670102,8.99E-05
LAMC2_ITGA3_ITGB1,LAMC2_ITGA3_ITGB1,LAMININ,4.48E-06,0,7.26E-05,0
LAMC3_ITGA3_ITGB1,LAMC3_ITGA3_ITGB1,LAMININ,1.79E-05,0.000208044,0.000653518,0
RELN_ITGA3_ITGB1,RELN_ITGA3_ITGB1,RELN,2.69E-05,0.002340499,0.007624378,0.000748887
THBS1_ITGA3_ITGB1,THBS1_ITGA3_ITGB1,THBS,4.03E-05,0.000416089,0.000798744,0.000179733
THBS2_ITGA3_ITGB1,THBS2_ITGA3_ITGB1,THBS,0,0,0,0
THBS3_ITGA3_ITGB1,THBS3_ITGA3_ITGB1,THBS,8.96E-06,0.000156033,0.000145226,3.00E-05
THBS4_ITGA3_ITGB1,THBS4_ITGA3_ITGB1,THBS,0,0,7.26E-05,0
COMP_ITGA3_ITGB1,COMP_ITGA3_ITGB1,THBS,1.34E-05,0.000312067,0.000508292,3.00E-05
COL1A1_ITGA3_ITGB1,COL1A1_ITGA3_ITGB1,COLLAGEN,4.48E-06,0,0.000363066,0
COL1A2_ITGA3_ITGB1,COL1A2_ITGA3_ITGB1,COLLAGEN,0,5.20E-05,0.000653518,0
COL2A1_ITGA3_ITGB1,COL2A1_ITGA3_ITGB1,COLLAGEN,0,5.20E-05,0.000217839,0
COL4A1_ITGA3_ITGB1,COL4A1_ITGA3_ITGB1,COLLAGEN,8.96E-06,0,0.000726131,5.99E-05
COL4A2_ITGA3_ITGB1,COL4A2_ITGA3_ITGB1,COLLAGEN,8.96E-06,0.000260055,0.000435679,5.99E-05
COL4A3_ITGA3_ITGB1,COL4A3_ITGA3_ITGB1,COLLAGEN,8.07E-05,0.00618932,0.007406539,0.000299555
COL4A4_ITGA3_ITGB1,COL4A4_ITGA3_ITGB1,COLLAGEN,0.000201668,0.009726075,0.014377398,0.000868709
COL4A5_ITGA3_ITGB1,COL4A5_ITGA3_ITGB1,COLLAGEN,2.69E-05,0.000832178,0.001452262,0.000179733
COL4A6_ITGA3_ITGB1,COL4A6_ITGA3_ITGB1,COLLAGEN,3.14E-05,0.001560333,0.000871357,5.99E-05
COL6A1_ITGA3_ITGB1,COL6A1_ITGA3_ITGB1,COLLAGEN,4.48E-06,0,7.26E-05,0
COL6A2_ITGA3_ITGB1,COL6A2_ITGA3_ITGB1,COLLAGEN,0,5.20E-05,0.000145226,0
COL6A3_ITGA3_ITGB1,COL6A3_ITGA3_ITGB1,COLLAGEN,1.79E-05,0,7.26E-05,0
COL6A4_ITGA3_ITGB1,COL6A4_ITGA3_ITGB1,COLLAGEN,8.96E-06,0,0.000290452,0
COL6A5_ITGA3_ITGB1,COL6A5_ITGA3_ITGB1,COLLAGEN,4.48E-06,0,0.000217839,0.000119822
COL6A6_ITGA3_ITGB1,COL6A6_ITGA3_ITGB1,COLLAGEN,1.79E-05,5.20E-05,0.000363066,0.000119822
COL9A1_ITGA3_ITGB1,COL9A1_ITGA3_ITGB1,COLLAGEN,0,5.20E-05,7.26E-05,0
COL9A2_ITGA3_ITGB1,COL9A2_ITGA3_ITGB1,COLLAGEN,0,0,0,0
COL9A3_ITGA3_ITGB1,COL9A3_ITGA3_ITGB1,COLLAGEN,5.38E-05,0.000156033,0.000290452,8.99E-05
LAMA1_ITGA6_ITGB1,LAMA1_ITGA6_ITGB1,LAMININ,0.007708207,0.026181395,0.026807807,0.015082592
LAMA2_ITGA6_ITGB1,LAMA2_ITGA6_ITGB1,LAMININ,0.000537782,0.000614226,0.000944769,0.000907224
LAMA3_ITGA6_ITGB1,LAMA3_ITGA6_ITGB1,LAMININ,0.000627412,0.000537448,0.000177144,0.000567015
LAMA4_ITGA6_ITGB1,LAMA4_ITGA6_ITGB1,LAMININ,8.96E-05,0,0.000118096,0.000113403
LAMA5_ITGA6_ITGB1,LAMA5_ITGA6_ITGB1,LAMININ,0,0.000153557,0,0
LAMB1_ITGA6_ITGB1,LAMB1_ITGA6_ITGB1,LAMININ,8.96E-05,0.000230335,0.000413336,0.000340209
LAMB2_ITGA6_ITGB1,LAMB2_ITGA6_ITGB1,LAMININ,0.000224076,0.000307113,0.000767624,0.000340209
LAMB3_ITGA6_ITGB1,LAMB3_ITGA6_ITGB1,LAMININ,0.000224076,7.68E-05,0.000236192,0.000113403
LAMC1_ITGA6_ITGB1,LAMC1_ITGA6_ITGB1,LAMININ,0.001344455,0.001689122,0.001358105,0.000340209
LAMC2_ITGA6_ITGB1,LAMC2_ITGA6_ITGB1,LAMININ,4.48E-05,0,5.90E-05,0
LAMC3_ITGA6_ITGB1,LAMC3_ITGA6_ITGB1,LAMININ,0.000179261,0.000307113,0.000531432,0
LAMA1_ITGA7_ITGB1,LAMA1_ITGA7_ITGB1,LAMININ,0.051182493,0.046028581,0.028619146,0.05179305
LAMA2_ITGA7_ITGB1,LAMA2_ITGA7_ITGB1,LAMININ,0.003570872,0.001079849,0.001008604,0.003115371
LAMA3_ITGA7_ITGB1,LAMA3_ITGA7_ITGB1,LAMININ,0.004166017,0.000944868,0.000189113,0.001947107
LAMA4_ITGA7_ITGB1,LAMA4_ITGA7_ITGB1,LAMININ,0.000595145,0,0.000126076,0.000389421
LAMA5_ITGA7_ITGB1,LAMA5_ITGA7_ITGB1,LAMININ,0,0.000269962,0,0
LAMB1_ITGA7_ITGB1,LAMB1_ITGA7_ITGB1,LAMININ,0.000595145,0.000404944,0.000441264,0.001168264
LAMB2_ITGA7_ITGB1,LAMB2_ITGA7_ITGB1,LAMININ,0.001487863,0.000539925,0.000819491,0.001168264
LAMB3_ITGA7_ITGB1,LAMB3_ITGA7_ITGB1,LAMININ,0.001487863,0.000134981,0.000252151,0.000389421
LAMC1_ITGA7_ITGB1,LAMC1_ITGA7_ITGB1,LAMININ,0.008927179,0.002969586,0.001449869,0.001168264
LAMC2_ITGA7_ITGB1,LAMC2_ITGA7_ITGB1,LAMININ,0.000297573,0,6.30E-05,0
LAMC3_ITGA7_ITGB1,LAMC3_ITGA7_ITGB1,LAMININ,0.001190291,0.000539925,0.00056734,0
VTN_ITGA8_ITGB1,VTN_ITGA8_ITGB1,VTN,0,3.96E-05,0.000128469,0
TNC_ITGA8_ITGB1,TNC_ITGA8_ITGB1,TENASCIN,0,0,0.000513877,0.000616227
TNR_ITGA8_ITGB1,TNR_ITGA8_ITGB1,TENASCIN,6.90E-05,3.96E-05,0,0
TNN_ITGA8_ITGB1,TNN_ITGA8_ITGB1,TENASCIN,0,0,0,0
TNXB_ITGA8_ITGB1,TNXB_ITGA8_ITGB1,TENASCIN,7.89E-05,0.000118883,0.000256939,0
TNC_ITGA9_ITGB1,TNC_ITGA9_ITGB1,TENASCIN,0,0,0.000976686,0.00026318
TNR_ITGA9_ITGB1,TNR_ITGA9_ITGB1,TENASCIN,0.001066601,0.000395037,0,0
TNN_ITGA9_ITGB1,TNN_ITGA9_ITGB1,TENASCIN,0,0,0,0
TNXB_ITGA9_ITGB1,TNXB_ITGA9_ITGB1,TENASCIN,0.001218972,0.00118511,0.000488343,0
COL1A1_ITGA9_ITGB1,COL1A1_ITGA9_ITGB1,COLLAGEN,0.000152372,0,0.001220858,0
COL1A2_ITGA9_ITGB1,COL1A2_ITGA9_ITGB1,COLLAGEN,0,0.000395037,0.002197544,0
COL2A1_ITGA9_ITGB1,COL2A1_ITGA9_ITGB1,COLLAGEN,0,0.000395037,0.000732515,0
COL4A1_ITGA9_ITGB1,COL4A1_ITGA9_ITGB1,COLLAGEN,0.000304743,0,0.002441716,0.000526361
COL4A2_ITGA9_ITGB1,COL4A2_ITGA9_ITGB1,COLLAGEN,0.000304743,0.001975183,0.00146503,0.000526361
COL4A3_ITGA9_ITGB1,COL4A3_ITGA9_ITGB1,COLLAGEN,0.002742688,0.047009362,0.024905503,0.002631804
COL4A4_ITGA9_ITGB1,COL4A4_ITGA9_ITGB1,COLLAGEN,0.006856719,0.073871855,0.048345977,0.007632232
COL4A5_ITGA9_ITGB1,COL4A5_ITGA9_ITGB1,COLLAGEN,0.000914229,0.006320586,0.004883432,0.001579083
COL4A6_ITGA9_ITGB1,COL4A6_ITGA9_ITGB1,COLLAGEN,0.001066601,0.0118511,0.002930059,0.000526361
COL6A1_ITGA9_ITGB1,COL6A1_ITGA9_ITGB1,COLLAGEN,0.000152372,0,0.000244172,0
COL6A2_ITGA9_ITGB1,COL6A2_ITGA9_ITGB1,COLLAGEN,0,0.000395037,0.000488343,0
COL6A3_ITGA9_ITGB1,COL6A3_ITGA9_ITGB1,COLLAGEN,0.000609486,0,0.000244172,0
COL6A4_ITGA9_ITGB1,COL6A4_ITGA9_ITGB1,COLLAGEN,0.000304743,0,0.000976686,0
COL6A5_ITGA9_ITGB1,COL6A5_ITGA9_ITGB1,COLLAGEN,0.000152372,0,0.000732515,0.001052722
COL6A6_ITGA9_ITGB1,COL6A6_ITGA9_ITGB1,COLLAGEN,0.000609486,0.000395037,0.001220858,0.001052722
COL9A1_ITGA9_ITGB1,COL9A1_ITGA9_ITGB1,COLLAGEN,0,0.000395037,0.000244172,0
COL9A2_ITGA9_ITGB1,COL9A2_ITGA9_ITGB1,COLLAGEN,0,0,0,0
COL9A3_ITGA9_ITGB1,COL9A3_ITGA9_ITGB1,COLLAGEN,0.001828458,0.00118511,0.000976686,0.000789541
LAMA1_ITGA9_ITGB1,LAMA1_ITGA9_ITGB1,LAMININ,0.026207903,0.1347075,0.110853906,0.035002996
LAMA2_ITGA9_ITGB1,LAMA2_ITGA9_ITGB1,LAMININ,0.001828458,0.003160293,0.003906746,0.002105443
LAMA3_ITGA9_ITGB1,LAMA3_ITGA9_ITGB1,LAMININ,0.002133201,0.002765257,0.000732515,0.001315902
LAMA4_ITGA9_ITGB1,LAMA4_ITGA9_ITGB1,LAMININ,0.000304743,0,0.000488343,0.00026318
LAMA5_ITGA9_ITGB1,LAMA5_ITGA9_ITGB1,LAMININ,0,0.000790073,0,0
LAMB1_ITGA9_ITGB1,LAMB1_ITGA9_ITGB1,LAMININ,0.000304743,0.00118511,0.001709201,0.000789541
LAMB2_ITGA9_ITGB1,LAMB2_ITGA9_ITGB1,LAMININ,0.000761858,0.001580147,0.003174231,0.000789541
LAMB3_ITGA9_ITGB1,LAMB3_ITGA9_ITGB1,LAMININ,0.000761858,0.000395037,0.000976686,0.00026318
LAMC1_ITGA9_ITGB1,LAMC1_ITGA9_ITGB1,LAMININ,0.004571146,0.008690806,0.005615947,0.000789541
LAMC2_ITGA9_ITGB1,LAMC2_ITGA9_ITGB1,LAMININ,0.000152372,0,0.000244172,0
LAMC3_ITGA9_ITGB1,LAMC3_ITGA9_ITGB1,LAMININ,0.000609486,0.001580147,0.002197544,0
COL1A1_ITGA10_ITGB1,COL1A1_ITGA10_ITGB1,COLLAGEN,2.87E-05,0,0.000458819,0
COL1A2_ITGA10_ITGB1,COL1A2_ITGA10_ITGB1,COLLAGEN,0,0.000102784,0.000825875,0
COL2A1_ITGA10_ITGB1,COL2A1_ITGA10_ITGB1,COLLAGEN,0,0.000102784,0.000275292,0
COL4A1_ITGA10_ITGB1,COL4A1_ITGA10_ITGB1,COLLAGEN,5.74E-05,0,0.000917638,0.000119822
COL4A2_ITGA10_ITGB1,COL4A2_ITGA10_ITGB1,COLLAGEN,5.74E-05,0.000513919,0.000550583,0.000119822
COL4A3_ITGA10_ITGB1,COL4A3_ITGA10_ITGB1,COLLAGEN,0.000516271,0.012231276,0.009359911,0.00059911
COL4A4_ITGA10_ITGB1,COL4A4_ITGA10_ITGB1,COLLAGEN,0.001290676,0.019220577,0.01816924,0.001737419
COL4A5_ITGA10_ITGB1,COL4A5_ITGA10_ITGB1,COLLAGEN,0.00017209,0.001644541,0.001835277,0.000359466
COL4A6_ITGA10_ITGB1,COL4A6_ITGA10_ITGB1,COLLAGEN,0.000200772,0.003083515,0.001101166,0.000119822
COL6A1_ITGA10_ITGB1,COL6A1_ITGA10_ITGB1,COLLAGEN,2.87E-05,0,9.18E-05,0
COL6A2_ITGA10_ITGB1,COL6A2_ITGA10_ITGB1,COLLAGEN,0,0.000102784,0.000183528,0
COL6A3_ITGA10_ITGB1,COL6A3_ITGA10_ITGB1,COLLAGEN,0.000114727,0,9.18E-05,0
COL6A4_ITGA10_ITGB1,COL6A4_ITGA10_ITGB1,COLLAGEN,5.74E-05,0,0.000367055,0
COL6A5_ITGA10_ITGB1,COL6A5_ITGA10_ITGB1,COLLAGEN,2.87E-05,0,0.000275292,0.000239644
COL6A6_ITGA10_ITGB1,COL6A6_ITGA10_ITGB1,COLLAGEN,0.000114727,0.000102784,0.000458819,0.000239644
COL9A1_ITGA10_ITGB1,COL9A1_ITGA10_ITGB1,COLLAGEN,0,0.000102784,9.18E-05,0
COL9A2_ITGA10_ITGB1,COL9A2_ITGA10_ITGB1,COLLAGEN,0,0,0,0
COL9A3_ITGA10_ITGB1,COL9A3_ITGA10_ITGB1,COLLAGEN,0.00034418,0.000308351,0.000367055,0.000179733
COL1A1_ITGA11_ITGB1,COL1A1_ITGA11_ITGB1,COLLAGEN,0.000202565,0,0.001057279,0
COL1A2_ITGA11_ITGB1,COL1A2_ITGA11_ITGB1,COLLAGEN,0,0.00016594,0.001903102,0
COL2A1_ITGA11_ITGB1,COL2A1_ITGA11_ITGB1,COLLAGEN,0,0.00016594,0.000634367,0
COL4A1_ITGA11_ITGB1,COL4A1_ITGA11_ITGB1,COLLAGEN,0.000405129,0,0.002114558,0.000843033
COL4A2_ITGA11_ITGB1,COL4A2_ITGA11_ITGB1,COLLAGEN,0.000405129,0.000829701,0.001268735,0.000843033
COL4A3_ITGA11_ITGB1,COL4A3_ITGA11_ITGB1,COLLAGEN,0.003646161,0.019746879,0.021568491,0.004215166
COL4A4_ITGA11_ITGB1,COL4A4_ITGA11_ITGB1,COLLAGEN,0.009115403,0.03103081,0.041868248,0.012223982
COL4A5_ITGA11_ITGB1,COL4A5_ITGA11_ITGB1,COLLAGEN,0.001215387,0.002655043,0.004229116,0.0025291
COL4A6_ITGA11_ITGB1,COL4A6_ITGA11_ITGB1,COLLAGEN,0.001417952,0.004978205,0.00253747,0.000843033
COL6A1_ITGA11_ITGB1,COL6A1_ITGA11_ITGB1,COLLAGEN,0.000202565,0,0.000211456,0
COL6A2_ITGA11_ITGB1,COL6A2_ITGA11_ITGB1,COLLAGEN,0,0.00016594,0.000422912,0
COL6A3_ITGA11_ITGB1,COL6A3_ITGA11_ITGB1,COLLAGEN,0.000810258,0,0.000211456,0
COL6A4_ITGA11_ITGB1,COL6A4_ITGA11_ITGB1,COLLAGEN,0.000405129,0,0.000845823,0
COL6A5_ITGA11_ITGB1,COL6A5_ITGA11_ITGB1,COLLAGEN,0.000202565,0,0.000634367,0.001686066
COL6A6_ITGA11_ITGB1,COL6A6_ITGA11_ITGB1,COLLAGEN,0.000810258,0.00016594,0.001057279,0.001686066
COL9A1_ITGA11_ITGB1,COL9A1_ITGA11_ITGB1,COLLAGEN,0,0.00016594,0.000211456,0
COL9A2_ITGA11_ITGB1,COL9A2_ITGA11_ITGB1,COLLAGEN,0,0,0,0
COL9A3_ITGA11_ITGB1,COL9A3_ITGA11_ITGB1,COLLAGEN,0.002430774,0.00049782,0.000845823,0.00126455
FN1_ITGAV_ITGB1,FN1_ITGAV_ITGB1,FN1,0,0,4.95E-05,9.41E-05
VTN_ITGAV_ITGB1,VTN_ITGAV_ITGB1,VTN,0,6.93E-05,4.95E-05,0
FN1_ITGA4_ITGB7,FN1_ITGA4_ITGB7,FN1,0,0,1.12E-05,1.71E-05
FN1_ITGAV_ITGB3,FN1_ITGAV_ITGB3,FN1,0,0,4.95E-05,7.49E-05
VTN_ITGAV_ITGB3,VTN_ITGAV_ITGB3,VTN,0,4.46E-05,4.95E-05,0
VWF_ITGAV_ITGB3,VWF_ITGAV_ITGB3,VWF,7.89E-05,4.46E-05,4.95E-05,7.49E-05
TNC_ITGAV_ITGB3,TNC_ITGAV_ITGB3,TENASCIN,0,0,0.000197891,7.49E-05
TNR_ITGAV_ITGB3,TNR_ITGAV_ITGB3,TENASCIN,0.000276061,4.46E-05,0,0
TNN_ITGAV_ITGB3,TNN_ITGAV_ITGB3,TENASCIN,0,0,0,0
TNXB_ITGAV_ITGB3,TNXB_ITGAV_ITGB3,TENASCIN,0.000315499,0.000133743,9.89E-05,0
IBSP_ITGAV_ITGB3,IBSP_ITGAV_ITGB3,BSP,0,0,4.95E-05,0
THBS1_ITGAV_ITGB3,THBS1_ITGAV_ITGB3,THBS,0.000354936,0.000356648,0.000544199,0.000449332
THBS2_ITGAV_ITGB3,THBS2_ITGAV_ITGB3,THBS,0,0,0,0
THBS3_ITGAV_ITGB3,THBS3_ITGAV_ITGB3,THBS,7.89E-05,0.000133743,9.89E-05,7.49E-05
THBS4_ITGAV_ITGB3,THBS4_ITGAV_ITGB3,THBS,0,0,4.95E-05,0
COMP_ITGAV_ITGB3,COMP_ITGAV_ITGB3,THBS,0.000118312,0.000267486,0.000346309,7.49E-05
FN1_ITGA2B_ITGB3,FN1_ITGA2B_ITGB3,FN1,0,0,6.94E-05,7.49E-05
VTN_ITGA2B_ITGB3,VTN_ITGA2B_ITGB3,VTN,0,4.46E-05,6.94E-05,0
VWF_ITGA2B_ITGB3,VWF_ITGA2B_ITGB3,VWF,7.89E-05,4.46E-05,6.94E-05,7.49E-05
TNC_ITGA2B_ITGB3,TNC_ITGA2B_ITGB3,TENASCIN,0,0,0.000277685,7.49E-05
TNR_ITGA2B_ITGB3,TNR_ITGA2B_ITGB3,TENASCIN,0.000276061,4.46E-05,0,0
TNN_ITGA2B_ITGB3,TNN_ITGA2B_ITGB3,TENASCIN,0,0,0,0
TNXB_ITGA2B_ITGB3,TNXB_ITGA2B_ITGB3,TENASCIN,0.000315499,0.000133743,0.000138843,0
VTN_ITGAV_ITGB5,VTN_ITGAV_ITGB5,VTN,0,6.93E-05,4.95E-05,0
IBSP_ITGAV_ITGB5,IBSP_ITGAV_ITGB5,BSP,0,0,4.95E-05,0
TNC_ITGAV_ITGB6,TNC_ITGAV_ITGB6,TENASCIN,0,0,0.000197891,9.41E-05
TNR_ITGAV_ITGB6,TNR_ITGAV_ITGB6,TENASCIN,0.00021332,6.93E-05,0,0
TNN_ITGAV_ITGB6,TNN_ITGAV_ITGB6,TENASCIN,0,0,0,0
TNXB_ITGAV_ITGB6,TNXB_ITGAV_ITGB6,TENASCIN,0.000243794,0.000208044,9.89E-05,0
FN1_ITGAV_ITGB6,FN1_ITGAV_ITGB6,FN1,0,0,4.95E-05,9.41E-05
VTN_ITGAV_ITGB8,VTN_ITGAV_ITGB8,VTN,0,3.47E-05,3.03E-05,0
FN1_ITGAV_ITGB8,FN1_ITGAV_ITGB8,FN1,0,0,3.03E-05,9.41E-05
LAMA1_ITGAV_ITGB8,LAMA1_ITGAV_ITGB8,LAMININ,0.012641459,0.011823856,0.013766171,0.012521397
LAMA2_ITGAV_ITGB8,LAMA2_ITGAV_ITGB8,LAMININ,0.000881962,0.000277393,0.000485151,0.000753167
LAMA3_ITGAV_ITGB8,LAMA3_ITGAV_ITGB8,LAMININ,0.001028956,0.000242718,9.10E-05,0.000470729
LAMA4_ITGAV_ITGB8,LAMA4_ITGAV_ITGB8,LAMININ,0.000146994,0,6.06E-05,9.41E-05
LAMA5_ITGAV_ITGB8,LAMA5_ITGAV_ITGB8,LAMININ,0,6.93E-05,0,0
LAMB1_ITGAV_ITGB8,LAMB1_ITGAV_ITGB8,LAMININ,0.000146994,0.000104022,0.000212254,0.000282438
LAMB2_ITGAV_ITGB8,LAMB2_ITGAV_ITGB8,LAMININ,0.000367484,0.000138696,0.000394186,0.000282438
LAMB3_ITGAV_ITGB8,LAMB3_ITGAV_ITGB8,LAMININ,0.000367484,3.47E-05,0.000121288,9.41E-05
LAMC1_ITGAV_ITGB8,LAMC1_ITGAV_ITGB8,LAMININ,0.002204906,0.000762829,0.000697405,0.000282438
LAMC2_ITGAV_ITGB8,LAMC2_ITGAV_ITGB8,LAMININ,7.35E-05,0,3.03E-05,0
LAMC3_ITGAV_ITGB8,LAMC3_ITGAV_ITGB8,LAMININ,0.000293987,0.000138696,0.000272898,0
COL1A1_ITGAV_ITGB8,COL1A1_ITGAV_ITGB8,COLLAGEN,7.35E-05,0,0.00015161,0
COL1A2_ITGAV_ITGB8,COL1A2_ITGAV_ITGB8,COLLAGEN,0,3.47E-05,0.000272898,0
COL2A1_ITGAV_ITGB8,COL2A1_ITGAV_ITGB8,COLLAGEN,0,3.47E-05,9.10E-05,0
COL4A1_ITGAV_ITGB8,COL4A1_ITGAV_ITGB8,COLLAGEN,0.000146994,0,0.00030322,0.000188292
COL4A2_ITGAV_ITGB8,COL4A2_ITGAV_ITGB8,COLLAGEN,0.000146994,0.00017337,0.000181932,0.000188292
COL4A3_ITGAV_ITGB8,COL4A3_ITGAV_ITGB8,COLLAGEN,0.001322943,0.004126214,0.00309284,0.000941458
COL4A4_ITGAV_ITGB8,COL4A4_ITGAV_ITGB8,COLLAGEN,0.003307358,0.00648405,0.006003749,0.002730229
COL4A5_ITGAV_ITGB8,COL4A5_ITGAV_ITGB8,COLLAGEN,0.000440981,0.000554785,0.000606439,0.000564875
COL4A6_ITGAV_ITGB8,COL4A6_ITGAV_ITGB8,COLLAGEN,0.000514478,0.001040222,0.000363864,0.000188292
COL6A1_ITGAV_ITGB8,COL6A1_ITGAV_ITGB8,COLLAGEN,7.35E-05,0,3.03E-05,0
COL6A2_ITGAV_ITGB8,COL6A2_ITGAV_ITGB8,COLLAGEN,0,3.47E-05,6.06E-05,0
COL6A3_ITGAV_ITGB8,COL6A3_ITGAV_ITGB8,COLLAGEN,0.000293987,0,3.03E-05,0
COL6A4_ITGAV_ITGB8,COL6A4_ITGAV_ITGB8,COLLAGEN,0.000146994,0,0.000121288,0
COL6A5_ITGAV_ITGB8,COL6A5_ITGAV_ITGB8,COLLAGEN,7.35E-05,0,9.10E-05,0.000376583
COL6A6_ITGAV_ITGB8,COL6A6_ITGAV_ITGB8,COLLAGEN,0.000293987,3.47E-05,0.00015161,0.000376583
COL9A1_ITGAV_ITGB8,COL9A1_ITGAV_ITGB8,COLLAGEN,0,3.47E-05,3.03E-05,0
COL9A2_ITGAV_ITGB8,COL9A2_ITGAV_ITGB8,COLLAGEN,0,0,0,0
COL9A3_ITGAV_ITGB8,COL9A3_ITGAV_ITGB8,COLLAGEN,0.000881962,0.000104022,0.000121288,0.000282438
LAMA1_ITGA6_ITGB4,LAMA1_ITGA6_ITGB4,LAMININ,0.002158298,0.006756489,0.024634201,0.003699504
LAMA2_ITGA6_ITGB4,LAMA2_ITGA6_ITGB4,LAMININ,0.000150579,0.00015851,0.000868166,0.000222527
LAMA3_ITGA6_ITGB4,LAMA3_ITGA6_ITGB4,LAMININ,0.000175675,0.000138696,0.000162781,0.000139079
LAMA4_ITGA6_ITGB4,LAMA4_ITGA6_ITGB4,LAMININ,2.51E-05,0,0.000108521,2.78E-05
LAMA5_ITGA6_ITGB4,LAMA5_ITGA6_ITGB4,LAMININ,0,3.96E-05,0,0
LAMB1_ITGA6_ITGB4,LAMB1_ITGA6_ITGB4,LAMININ,2.51E-05,5.94E-05,0.000379822,8.34E-05
LAMB2_ITGA6_ITGB4,LAMB2_ITGA6_ITGB4,LAMININ,6.27E-05,7.93E-05,0.000705385,8.34E-05
LAMB3_ITGA6_ITGB4,LAMB3_ITGA6_ITGB4,LAMININ,6.27E-05,1.98E-05,0.000217041,2.78E-05
LAMC1_ITGA6_ITGB4,LAMC1_ITGA6_ITGB4,LAMININ,0.000376447,0.000435903,0.001247988,8.34E-05
LAMC2_ITGA6_ITGB4,LAMC2_ITGA6_ITGB4,LAMININ,1.25E-05,0,5.43E-05,0
LAMC3_ITGA6_ITGB4,LAMC3_ITGA6_ITGB4,LAMININ,5.02E-05,7.93E-05,0.000488343,0
FN1_CD44,FN1_CD44,FN1,0,0,2.31E-05,4.71E-05
COL1A1_CD44,COL1A1_CD44,COLLAGEN,1.43E-05,0,0.000115702,0
COL1A2_CD44,COL1A2_CD44,COLLAGEN,0,2.23E-05,0.000208264,0
COL2A1_CD44,COL2A1_CD44,COLLAGEN,0,2.23E-05,6.94E-05,0
COL4A1_CD44,COL4A1_CD44,COLLAGEN,2.87E-05,0,0.000231404,9.41E-05
COL4A2_CD44,COL4A2_CD44,COLLAGEN,2.87E-05,0.000111452,0.000138843,9.41E-05
COL4A3_CD44,COL4A3_CD44,COLLAGEN,0.000258135,0.002652566,0.002360325,0.000470729
COL4A4_CD44,COL4A4_CD44,COLLAGEN,0.000645338,0.004168318,0.004581808,0.001365115
COL4A5_CD44,COL4A5_CD44,COLLAGEN,8.60E-05,0.000356648,0.000462809,0.000282438
COL4A6_CD44,COL4A6_CD44,COLLAGEN,0.000100386,0.000668714,0.000277685,9.41E-05
COL6A1_CD44,COL6A1_CD44,COLLAGEN,1.43E-05,0,2.31E-05,0
COL6A2_CD44,COL6A2_CD44,COLLAGEN,0,2.23E-05,4.63E-05,0
COL6A3_CD44,COL6A3_CD44,COLLAGEN,5.74E-05,0,2.31E-05,0
COL6A4_CD44,COL6A4_CD44,COLLAGEN,2.87E-05,0,9.26E-05,0
COL6A5_CD44,COL6A5_CD44,COLLAGEN,1.43E-05,0,6.94E-05,0.000188292
COL6A6_CD44,COL6A6_CD44,COLLAGEN,5.74E-05,2.23E-05,0.000115702,0.000188292
COL9A1_CD44,COL9A1_CD44,COLLAGEN,0,2.23E-05,2.31E-05,0
COL9A2_CD44,COL9A2_CD44,COLLAGEN,0,0,0,0
COL9A3_CD44,COL9A3_CD44,COLLAGEN,0.00017209,6.69E-05,9.26E-05,0.000141219
LAMA1_CD44,LAMA1_CD44,LAMININ,0.002466626,0.00760105,0.010505762,0.006260698
LAMA2_CD44,LAMA2_CD44,LAMININ,0.00017209,0.000178324,0.000370247,0.000376583
LAMA3_CD44,LAMA3_CD44,LAMININ,0.000200772,0.000156033,6.94E-05,0.000235365
LAMA4_CD44,LAMA4_CD44,LAMININ,2.87E-05,0,4.63E-05,4.71E-05
LAMA5_CD44,LAMA5_CD44,LAMININ,0,4.46E-05,0,0
LAMB1_CD44,LAMB1_CD44,LAMININ,2.87E-05,6.69E-05,0.000161983,0.000141219
LAMB2_CD44,LAMB2_CD44,LAMININ,7.17E-05,8.92E-05,0.000300826,0.000141219
LAMB3_CD44,LAMB3_CD44,LAMININ,7.17E-05,2.23E-05,9.26E-05,4.71E-05
LAMC1_CD44,LAMC1_CD44,LAMININ,0.000430225,0.00049039,0.00053223,0.000141219
LAMC2_CD44,LAMC2_CD44,LAMININ,1.43E-05,0,2.31E-05,0
LAMC3_CD44,LAMC3_CD44,LAMININ,5.74E-05,8.92E-05,0.000208264,0
COL1A1_SDC1,COL1A1_SDC1,COLLAGEN,2.51E-05,0,0.00015161,0
COL1A2_SDC1,COL1A2_SDC1,COLLAGEN,0,4.21E-05,0.000272898,0
COL2A1_SDC1,COL2A1_SDC1,COLLAGEN,0,4.21E-05,9.10E-05,0
COL4A1_SDC1,COL4A1_SDC1,COLLAGEN,5.02E-05,0,0.00030322,5.14E-05
COL4A2_SDC1,COL4A2_SDC1,COLLAGEN,5.02E-05,0.000210521,0.000181932,5.14E-05
COL4A3_SDC1,COL4A3_SDC1,COLLAGEN,0.000451737,0.005010402,0.00309284,0.000256761
COL4A4_SDC1,COL4A4_SDC1,COLLAGEN,0.001129342,0.007873489,0.006003749,0.000744608
COL4A5_SDC1,COL4A5_SDC1,COLLAGEN,0.000150579,0.000673668,0.000606439,0.000154057
COL4A6_SDC1,COL4A6_SDC1,COLLAGEN,0.000175675,0.001263127,0.000363864,5.14E-05
COL6A1_SDC1,COL6A1_SDC1,COLLAGEN,2.51E-05,0,3.03E-05,0
COL6A2_SDC1,COL6A2_SDC1,COLLAGEN,0,4.21E-05,6.06E-05,0
COL6A3_SDC1,COL6A3_SDC1,COLLAGEN,0.000100386,0,3.03E-05,0
COL6A4_SDC1,COL6A4_SDC1,COLLAGEN,5.02E-05,0,0.000121288,0
COL6A5_SDC1,COL6A5_SDC1,COLLAGEN,2.51E-05,0,9.10E-05,0.000102705
COL6A6_SDC1,COL6A6_SDC1,COLLAGEN,0.000100386,4.21E-05,0.00015161,0.000102705
COL9A1_SDC1,COL9A1_SDC1,COLLAGEN,0,4.21E-05,3.03E-05,0
COL9A2_SDC1,COL9A2_SDC1,COLLAGEN,0,0,0,0
COL9A3_SDC1,COL9A3_SDC1,COLLAGEN,0.000301158,0.000126313,0.000121288,7.70E-05
FN1_SDC1,FN1_SDC1,FN1,0,0,3.03E-05,2.57E-05
TNC_SDC1,TNC_SDC1,TENASCIN,0,0,0.000121288,2.57E-05
TNR_SDC1,TNR_SDC1,TENASCIN,0.000175675,4.21E-05,0,0
TNN_SDC1,TNN_SDC1,TENASCIN,0,0,0,0
TNXB_SDC1,TNXB_SDC1,TENASCIN,0.000200772,0.000126313,6.06E-05,0
THBS1_SDC1,THBS1_SDC1,THBS,0.000225868,0.000336834,0.000333542,0.000154057
THBS2_SDC1,THBS2_SDC1,THBS,0,0,0,0
THBS3_SDC1,THBS3_SDC1,THBS,5.02E-05,0.000126313,6.06E-05,2.57E-05
THBS4_SDC1,THBS4_SDC1,THBS,0,0,3.03E-05,0
COMP_SDC1,COMP_SDC1,THBS,7.53E-05,0.000252625,0.000212254,2.57E-05
COL1A1_SDC4,COL1A1_SDC4,COLLAGEN,9.05E-05,0,0.000430891,0
COL1A2_SDC4,COL1A2_SDC4,COLLAGEN,0,8.42E-05,0.000775604,0
COL2A1_SDC4,COL2A1_SDC4,COLLAGEN,0,8.42E-05,0.000258535,0
COL4A1_SDC4,COL4A1_SDC4,COLLAGEN,0.000181053,0,0.000861782,0.000385142
COL4A2_SDC4,COL4A2_SDC4,COLLAGEN,0.000181053,0.000421042,0.000517069,0.000385142
COL4A3_SDC4,COL4A3_SDC4,COLLAGEN,0.001629479,0.010020804,0.008790178,0.00192571
COL4A4_SDC4,COL4A4_SDC4,COLLAGEN,0.004073698,0.015746978,0.017063286,0.00558456
COL4A5_SDC4,COL4A5_SDC4,COLLAGEN,0.00054316,0.001347335,0.001723564,0.001155426
COL4A6_SDC4,COL4A6_SDC4,COLLAGEN,0.000633686,0.002526253,0.001034139,0.000385142
COL6A1_SDC4,COL6A1_SDC4,COLLAGEN,9.05E-05,0,8.62E-05,0
COL6A2_SDC4,COL6A2_SDC4,COLLAGEN,0,8.42E-05,0.000172356,0
COL6A3_SDC4,COL6A3_SDC4,COLLAGEN,0.000362106,0,8.62E-05,0
COL6A4_SDC4,COL6A4_SDC4,COLLAGEN,0.000181053,0,0.000344713,0
COL6A5_SDC4,COL6A5_SDC4,COLLAGEN,9.05E-05,0,0.000258535,0.000770284
COL6A6_SDC4,COL6A6_SDC4,COLLAGEN,0.000362106,8.42E-05,0.000430891,0.000770284
COL9A1_SDC4,COL9A1_SDC4,COLLAGEN,0,8.42E-05,8.62E-05,0
COL9A2_SDC4,COL9A2_SDC4,COLLAGEN,0,0,0,0
COL9A3_SDC4,COL9A3_SDC4,COLLAGEN,0.001086319,0.000252625,0.000344713,0.000577713
FN1_SDC4,FN1_SDC4,FN1,0,0,8.62E-05,0.000192571
TNC_SDC4,TNC_SDC4,TENASCIN,0,0,0.000344713,0.000192571
TNR_SDC4,TNR_SDC4,TENASCIN,0.000633686,8.42E-05,0,0
TNN_SDC4,TNN_SDC4,TENASCIN,0,0,0,0
TNXB_SDC4,TNXB_SDC4,TENASCIN,0.000724213,0.000252625,0.000172356,0
THBS1_SDC4,THBS1_SDC4,THBS,0.00081474,0.000673668,0.00094796,0.001155426
THBS2_SDC4,THBS2_SDC4,THBS,0,0,0,0
THBS3_SDC4,THBS3_SDC4,THBS,0.000181053,0.000252625,0.000172356,0.000192571
THBS4_SDC4,THBS4_SDC4,THBS,0,0,8.62E-05,0
COMP_SDC4,COMP_SDC4,THBS,0.00027158,0.000505251,0.000603247,0.000192571
LAMA1_SV2A,LAMA1_SV2A,LAMININ,0.002312462,0.014357539,0.019924722,0.004553235
LAMA2_SV2A,LAMA2_SV2A,LAMININ,0.000161335,0.000336834,0.000702193,0.000273879
LAMA3_SV2A,LAMA3_SV2A,LAMININ,0.000188224,0.00029473,0.000131661,0.000171174
LAMA4_SV2A,LAMA4_SV2A,LAMININ,2.69E-05,0,8.78E-05,3.42E-05
LAMA5_SV2A,LAMA5_SV2A,LAMININ,0,8.42E-05,0,0
LAMB1_SV2A,LAMB1_SV2A,LAMININ,2.69E-05,0.000126313,0.000307209,0.000102705
LAMB2_SV2A,LAMB2_SV2A,LAMININ,6.72E-05,0.000168417,0.000570532,0.000102705
LAMB3_SV2A,LAMB3_SV2A,LAMININ,6.72E-05,4.21E-05,0.000175548,3.42E-05
LAMC1_SV2A,LAMC1_SV2A,LAMININ,0.000403336,0.000926293,0.001009402,0.000102705
LAMC2_SV2A,LAMC2_SV2A,LAMININ,1.34E-05,0,4.39E-05,0
LAMC3_SV2A,LAMC3_SV2A,LAMININ,5.38E-05,0.000168417,0.000394983,0
LAMA1_SV2B,LAMA1_SV2B,LAMININ,0.00184997,0.005911928,0.052166544,0.030165183
LAMA2_SV2B,LAMA2_SV2B,LAMININ,0.000129068,0.000138696,0.001838469,0.001814447
LAMA3_SV2B,LAMA3_SV2B,LAMININ,0.000150579,0.000121359,0.000344713,0.001134029
LAMA4_SV2B,LAMA4_SV2B,LAMININ,2.15E-05,0,0.000229809,0.000226806
LAMA5_SV2B,LAMA5_SV2B,LAMININ,0,3.47E-05,0,0
LAMB1_SV2B,LAMB1_SV2B,LAMININ,2.15E-05,5.20E-05,0.00080433,0.000680418
LAMB2_SV2B,LAMB2_SV2B,LAMININ,5.38E-05,6.93E-05,0.001493756,0.000680418
LAMB3_SV2B,LAMB3_SV2B,LAMININ,5.38E-05,1.73E-05,0.000459617,0.000226806
LAMC1_SV2B,LAMC1_SV2B,LAMININ,0.000322669,0.000381415,0.002642798,0.000680418
LAMC2_SV2B,LAMC2_SV2B,LAMININ,1.08E-05,0,0.000114904,0
LAMC3_SV2B,LAMC3_SV2B,LAMININ,4.30E-05,6.93E-05,0.001034139,0
LAMA1_SV2C,LAMA1_SV2C,LAMININ,0.005858237,0.014357539,0.062672307,0.024189062
LAMA2_SV2C,LAMA2_SV2C,LAMININ,0.000408714,0.000336834,0.002208716,0.001454981
LAMA3_SV2C,LAMA3_SV2C,LAMININ,0.000476833,0.00029473,0.000414134,0.000909363
LAMA4_SV2C,LAMA4_SV2C,LAMININ,6.81E-05,0,0.000276089,0.000181873
LAMA5_SV2C,LAMA5_SV2C,LAMININ,0,8.42E-05,0,0
LAMB1_SV2C,LAMB1_SV2C,LAMININ,6.81E-05,0.000126313,0.000966313,0.000545618
LAMB2_SV2C,LAMB2_SV2C,LAMININ,0.000170298,0.000168417,0.001794581,0.000545618
LAMB3_SV2C,LAMB3_SV2C,LAMININ,0.000170298,4.21E-05,0.000552179,0.000181873
LAMC1_SV2C,LAMC1_SV2C,LAMININ,0.001021786,0.000926293,0.003175029,0.000545618
LAMC2_SV2C,LAMC2_SV2C,LAMININ,3.41E-05,0,0.000138045,0
LAMC3_SV2C,LAMC3_SV2C,LAMININ,0.000136238,0.000168417,0.001242403,0
THBS1_CD36,THBS1_CD36,THBS,0.000217802,0.000574599,0.000561754,0.000449332
THBS2_CD36,THBS2_CD36,THBS,0,0,0,0
THBS3_CD36,THBS3_CD36,THBS,4.84E-05,0.000215475,0.000102137,7.49E-05
THBS4_CD36,THBS4_CD36,THBS,0,0,5.11E-05,0
COMP_CD36,COMP_CD36,THBS,7.26E-05,0.000430949,0.00035748,7.49E-05
COL1A1_GP6,COL1A1_GP6,COLLAGEN,8.96E-06,0,4.79E-05,0
COL1A2_GP6,COL1A2_GP6,COLLAGEN,0,7.43E-06,8.62E-05,0
COL2A1_GP6,COL2A1_GP6,COLLAGEN,0,7.43E-06,2.87E-05,0
COL4A1_GP6,COL4A1_GP6,COLLAGEN,1.79E-05,0,9.58E-05,0.000115543
COL4A2_GP6,COL4A2_GP6,COLLAGEN,1.79E-05,3.72E-05,5.75E-05,0.000115543
COL4A3_GP6,COL4A3_GP6,COLLAGEN,0.000161335,0.000884189,0.000976686,0.000577713
COL4A4_GP6,COL4A4_GP6,COLLAGEN,0.000403336,0.001389439,0.001895921,0.001675368
COL4A5_GP6,COL4A5_GP6,COLLAGEN,5.38E-05,0.000118883,0.000191507,0.000346628
COL4A6_GP6,COL4A6_GP6,COLLAGEN,6.27E-05,0.000222905,0.000114904,0.000115543
COL6A1_GP6,COL6A1_GP6,COLLAGEN,8.96E-06,0,9.58E-06,0
COL6A2_GP6,COL6A2_GP6,COLLAGEN,0,7.43E-06,1.92E-05,0
COL6A3_GP6,COL6A3_GP6,COLLAGEN,3.59E-05,0,9.58E-06,0
COL6A4_GP6,COL6A4_GP6,COLLAGEN,1.79E-05,0,3.83E-05,0
COL6A5_GP6,COL6A5_GP6,COLLAGEN,8.96E-06,0,2.87E-05,0.000231085
COL6A6_GP6,COL6A6_GP6,COLLAGEN,3.59E-05,7.43E-06,4.79E-05,0.000231085
COL9A1_GP6,COL9A1_GP6,COLLAGEN,0,7.43E-06,9.58E-06,0
COL9A2_GP6,COL9A2_GP6,COLLAGEN,0,0,0,0
COL9A3_GP6,COL9A3_GP6,COLLAGEN,0.000107556,2.23E-05,3.83E-05,0.000173314
THBS1_CD47,THBS1_CD47,THBS,0.001339077,0.000802457,0.000816299,0.002837213
THBS2_CD47,THBS2_CD47,THBS,0,0,0,0
THBS3_CD47,THBS3_CD47,THBS,0.000297573,0.000300921,0.000148418,0.000472869
THBS4_CD47,THBS4_CD47,THBS,0,0,7.42E-05,0
COMP_CD47,COMP_CD47,THBS,0.000446359,0.000601843,0.000519463,0.000472869
AGRN_DAG1,AGRN_DAG1,AGRN,0.006758125,0.001228453,0.001768249,0.004236563
HSPG2_DAG1,HSPG2_DAG1,HSPG,0.002599279,0.001228453,0.001768249,0.000706094
LAMA1_DAG1,LAMA1_DAG1,LAMININ,0.044707599,0.10472558,0.200696288,0.093910476
LAMA2_DAG1,LAMA2_DAG1,LAMININ,0.003119135,0.002456905,0.007072997,0.00564875
LAMA3_DAG1,LAMA3_DAG1,LAMININ,0.003638991,0.002149792,0.001326187,0.003530469
LAMA4_DAG1,LAMA4_DAG1,LAMININ,0.000519856,0,0.000884125,0.000706094
LAMA5_DAG1,LAMA5_DAG1,LAMININ,0,0.000614226,0,0
LAMB1_DAG1,LAMB1_DAG1,LAMININ,0.000519856,0.000921339,0.003094436,0.002118281
LAMB2_DAG1,LAMB2_DAG1,LAMININ,0.00129964,0.001228453,0.00574681,0.002118281
LAMB3_DAG1,LAMB3_DAG1,LAMININ,0.00129964,0.000307113,0.001768249,0.000706094
LAMC1_DAG1,LAMC1_DAG1,LAMININ,0.007797837,0.006756489,0.010167433,0.002118281
LAMC2_DAG1,LAMC2_DAG1,LAMININ,0.000259928,0,0.000442062,0
LAMC3_DAG1,LAMC3_DAG1,LAMININ,0.001039712,0.001228453,0.003978561,0
ADGRE5_CD55B,ADGRE5_CD55B,ADGRE5,0.013181034,0.006360214,0.00511723,0.004688035
ALCAM_CD6,ALCAM_CD6,ALCAM,0,3.34E-05,5.19E-05,0
APP_CD74,APP_CD74,APP,0.003252684,0.005513176,0.004624897,0.002618966
BST2_PIRA2,BST2_PIRA2,BST2,0,0.000133743,0.000324764,0.000119822
CADM1_CADM1,CADM1_CADM1,CADM,1.833875597,1.681481573,2.874062513,3.775412958
CADM3_CADM3,CADM3_CADM3,CADM,0,0,0,0
CD200_CD200R1,CD200_CD200R1,CD200,0,6.19E-06,5.75E-05,0
CD200_CD200R2,CD200_CD200R2,CD200,4.66E-05,1.86E-05,0.000675063,0
CD200_CD200R3,CD200_CD200R3,CD200,2.15E-05,6.19E-06,0.00056734,0
CD200_CD200R4,CD200_CD200R4,CD200,0,0,2.87E-05,0
CD22_PTPRC,CD22_PTPRC,CD22,0,0,0,0
CD226_NECTIN2,CD226_NECTIN2,CD226,0,0.003949128,0,0.00032951
CD226_PVR,CD226_PVR,CD226,0,7.43E-05,0,3.21E-05
FCER2A_ITGAM_ITGB2,FCER2A_ITGAM_ITGB2,CD23,0,0,0,0
FCER2A_ITGAX_ITGB2,FCER2A_ITGAX_ITGB2,CD23,0,0,0,0
FCER2A_ITGAV_ITGB3,FCER2A_ITGAV_ITGB3,CD23,0,0,0,0
FCER2A_CR2,FCER2A_CR2,CD23,0,0,0,0
CD34_SELP,CD34_SELP,CD34,0,0,4.47E-05,0
ENTPD1_ADORA1,ENTPD1_ADORA1,CD39,0.000573634,0,0.000758049,0.000614088
ENTPD1_ADORA2A,ENTPD1_ADORA2A,CD39,6.27E-05,0,4.55E-05,5.99E-05
ENTPD1_ADORA2B,ENTPD1_ADORA2B,CD39,0.00088734,0,0.001258361,0.000539199
ENTPD1_TMIGD3,ENTPD1_TMIGD3,CD39,0.022461356,0,0.008384023,0.020264892
CD40LG_CD40,CD40LG_CD40,CD40,0,0,0,0
PTPRC_CD22,PTPRC_CD22,CD45,0,4.95E-06,0,1.07E-05
PTPRC_MRC1,PTPRC_MRC1,CD45,0.000347766,0.000265009,0,0.000412958
CD46_JAG1,CD46_JAG1,CD46,0.01333699,0.010766297,0.00428976,0.001754536
CD48_CD244A,CD48_CD244A,CD48,0,0,2.23E-05,2.57E-05
CD52_SIGLECG,CD52_SIGLECG,CD52,0,0,0,2.14E-06
CD6_ALCAM,CD6_ALCAM,CD6,0,0,0,0
CD80_CD274,CD80_CD274,CD80,0,2.35E-05,2.07E-05,0.000115543
CD80_CD28,CD80_CD28,CD80,0,8.67E-06,1.60E-06,2.57E-05
CD80_CTLA4,CD80_CTLA4,CD80,0,4.21E-05,0.000197891,0.000522081
CD86_CD28,CD86_CD28,CD86,1.25E-05,0,3.19E-06,1.28E-05
CD86_CTLA4,CD86_CTLA4,CD86,2.15E-05,0,0.000395781,0.000261041
CD96_NECTIN1,CD96_NECTIN1,CD96,0.000472352,0.002615415,0.000916042,0.00032951
CD96_PVR,CD96_PVR,CD96,2.87E-05,7.43E-05,8.62E-05,6.42E-05
CDH15_CDH15,CDH15_CDH15,CDH,0,0,0,0
CDH4_CDH4,CDH4_CDH4,CDH,0.00034418,0.007584951,0.003060922,0.000742468
CDH2_CDH2,CDH2_CDH2,CDH,0.276871615,0.249077422,0.098350884,0.066257275
CDH1_CDH1,CDH1_CDH1,CDH,2.15E-05,0,0,7.49E-05
CDH1_ITGA1_ITGB1,CDH1_ITGA1_ITGB1,CDH1,0.000403336,0,0,0.000958576
CDH1_ITGAE_ITGB7,CDH1_ITGAE_ITGB7,CDH1,2.96E-05,0,0,1.71E-05
CDH1_KLRG1,CDH1_KLRG1,CDH1,1.08E-05,0,0,1.71E-05
CDH5_CDH5,CDH5_CDH5,CDH5,0.00017209,0,1.36E-05,0.000567015
CD209A_CEACAM1,CD209A_CEACAM1,CEACAM,0,0,0,0
SELE_CEACAM1,SELE_CEACAM1,CEACAM,0,0,0.000113308,0
CLDN11_CLDN11,CLDN11_CLDN11,CLDN,0.016149589,0.01115638,0.013775747,0.002995549
CLEC2D_KLRB1B,CLEC2D_KLRB1B,CLEC,7.89E-05,9.29E-05,0.000134055,0.000102705
CLEC2G_KLRB1,CLEC2G_KLRB1,CLEC,0,0,0.000115702,0
CLEC2I_KLRB1,CLEC2I_KLRB1,CLEC,0.000486693,0.000168417,0,0
NFASC_CNTN1_CNTNAP1,NFASC_CNTN1_CNTNAP1,CNTN,1.61E-05,0.000118883,3.35E-05,0
CNTN2_CNTN2_CNTNAP2,CNTN2_CNTN2_CNTNAP2,CNTN,4.12E-05,5.45E-05,0,0
CNTN2_L1CAM,CNTN2_L1CAM,CNTN,1.79E-06,6.19E-06,0,0
CNTN2_CNTN2,CNTN2_CNTN2,CNTN,4.12E-05,5.45E-05,0,0
CNTN1_NRCAM,CNTN1_NRCAM,CNTN,0.000564671,0.000307113,0.00015161,0
CSPG4_ITGA2_ITGB1,CSPG4_ITGA2_ITGB1,CSPG4,0.000201668,0.000329404,0.000966313,0.000338069
DSC1_DSG1C,DSC1_DSG1C,DESMOSOME,0,0,0,0
DSC1_DSG2,DSC1_DSG2,DESMOSOME,0,0,0,0
DSC2_DSG1C,DSC2_DSG1C,DESMOSOME,0,0,0,0
DSC2_DSG2,DSC2_DSG2,DESMOSOME,0,0,0,0
DSG1C_DSC3,DSG1C_DSC3,DESMOSOME,2.69E-06,0,0,0
DSG2_DSC3,DSG2_DSC3,DESMOSOME,0,0,4.79E-06,0
EPGN_EGFR,EPGN_EGFR,EPGN,0,0,0,0
EFNA1_EPHA1,EFNA1_EPHA1,EPHA,0,2.48E-06,0,0
EFNA1_EPHA2,EFNA1_EPHA2,EPHA,0,5.20E-05,0,0
EFNA1_EPHA3,EFNA1_EPHA3,EPHA,0,6.69E-05,0,0
EFNA1_EPHA4,EFNA1_EPHA4,EPHA,0,2.97E-05,0,0
EFNA1_EPHA5,EFNA1_EPHA5,EPHA,0,3.72E-05,0,0
EFNA1_EPHA7,EFNA1_EPHA7,EPHA,0,0.000499059,0,0
EFNA1_EPHA8,EFNA1_EPHA8,EPHA,0,8.67E-06,0,0
EFNA2_EPHA1,EFNA2_EPHA1,EPHA,0,0,0,0
EFNA2_EPHA2,EFNA2_EPHA2,EPHA,0,0,0,0
EFNA2_EPHA3,EFNA2_EPHA3,EPHA,0,0,0,0
EFNA2_EPHA4,EFNA2_EPHA4,EPHA,0,0,0,0
EFNA2_EPHA5,EFNA2_EPHA5,EPHA,0,0,0,0
EFNA2_EPHA7,EFNA2_EPHA7,EPHA,0,0,0,0
EFNA2_EPHA8,EFNA2_EPHA8,EPHA,0,0,0,0
EFNA3_EPHA1,EFNA3_EPHA1,EPHA,0,2.48E-06,0,0
EFNA3_EPHA2,EFNA3_EPHA2,EPHA,0,5.20E-05,0,0
EFNA3_EPHA3,EFNA3_EPHA3,EPHA,0,6.69E-05,0,0
EFNA3_EPHA4,EFNA3_EPHA4,EPHA,0,2.97E-05,0,0
EFNA3_EPHA5,EFNA3_EPHA5,EPHA,0,3.72E-05,0,0
EFNA3_EPHA7,EFNA3_EPHA7,EPHA,0,0.000499059,0,0
EFNA3_EPHA8,EFNA3_EPHA8,EPHA,0,8.67E-06,0,0
EFNA4_EPHA1,EFNA4_EPHA1,EPHA,0,0,0,0
EFNA4_EPHA2,EFNA4_EPHA2,EPHA,0,0,0,0
EFNA4_EPHA3,EFNA4_EPHA3,EPHA,0,0,0,0
EFNA4_EPHA4,EFNA4_EPHA4,EPHA,0,0,0,0
EFNA4_EPHA5,EFNA4_EPHA5,EPHA,0,0,0,0
EFNA4_EPHA7,EFNA4_EPHA7,EPHA,0,0,0,0
EFNA4_EPHA8,EFNA4_EPHA8,EPHA,0,0,0,0
EFNA5_EPHA1,EFNA5_EPHA1,EPHA,5.83E-05,8.42E-05,0.000494727,7.70E-05
EFNA5_EPHA2,EFNA5_EPHA2,EPHA,9.32E-05,0.001768377,0.002176798,0.000789541
EFNA5_EPHA3,EFNA5_EPHA3,EPHA,0.001538056,0.002273628,0.004650432,0.006065988
EFNA5_EPHA4,EFNA5_EPHA4,EPHA,0.000139823,0.001010501,0.001038926,1.93E-05
EFNA5_EPHA5,EFNA5_EPHA5,EPHA,0.000233039,0.001263127,0.00128629,0.000423656
EFNA5_EPHA7,EFNA5_EPHA7,EPHA,0.000978763,0.016968001,0.018700672,0.000943598
EFNA5_EPHA8,EFNA5_EPHA8,EPHA,0.000186431,0.00029473,0.001137872,0.000442913
EFNA5_EPHB2,EFNA5_EPHB2,EPHA,0.004532605,0.077977016,0.040023396,0.001636854
EFNB1_EPHA4,EFNB1_EPHA4,EPHB,7.53E-05,5.94E-05,3.35E-05,2.14E-06
EFNB1_EPHB1,EFNB1_EPHB1,EPHB,0.004649124,0.001139291,0.000398973,0.000492126
EFNB1_EPHB2,EFNB1_EPHB2,EPHB,0.002440633,0.004586883,0.001291077,0.000181873
EFNB1_EPHB3,EFNB1_EPHB3,EPHB,0.000363899,0.003108282,0.000754857,0.000128381
EFNB1_EPHB4,EFNB1_EPHB4,EPHB,0.000125482,8.92E-05,0.000306411,0.000231085
EFNB2_EPHA4,EFNB2_EPHA4,EPHB,0.000107556,0.000534971,0.000134055,4.28E-06
EFNB2_EPHB1,EFNB2_EPHB1,EPHB,0.006641606,0.010253616,0.001595893,0.000984252
EFNB2_EPHB2,EFNB2_EPHB2,EPHB,0.003486619,0.04128195,0.005164309,0.000363745
EFNB2_EPHB3,EFNB2_EPHB3,EPHB,0.000519856,0.027974539,0.003019429,0.000256761
EFNB2_EPHB4,EFNB2_EPHB4,EPHB,0.000179261,0.000802457,0.001225646,0.00046217
EFNB3_EPHA4,EFNB3_EPHA4,EPHB,0,2.97E-05,0,0
EFNB3_EPHB1,EFNB3_EPHB1,EPHB,0,0.000569645,0,0
EFNB3_EPHB2,EFNB3_EPHB2,EPHB,0,0.002293442,0,0
EFNB3_EPHB3,EFNB3_EPHB3,EPHB,0,0.001554141,0,0
EFNB3_EPHB4,EFNB3_EPHB4,EPHB,0,4.46E-05,0,0
EFNB3_EPHB6,EFNB3_EPHB6,EPHB,0,1.11E-05,0,0
ESAM_ESAM,ESAM_ESAM,ESAM,0,0,6.38E-06,0
GP1BA_ITGAM_ITGB2,GP1BA_ITGAM_ITGB2,GP1BA,0,0,0,0
ICAM1_ITGAX_ITGB2,ICAM1_ITGAX_ITGB2,ICAM,6.27E-06,0,2.39E-06,0
ICAM1_ITGAL_ITGB2,ICAM1_ITGAL_ITGB2,ICAM,8.07E-06,0,2.39E-06,0
ICAM2_ITGAL_ITGB2,ICAM2_ITGAL_ITGB2,ICAM,0,0,0,0
ICAM1_ITGAM_ITGB2,ICAM1_ITGAM_ITGB2,ICAM,3.59E-06,0,2.39E-06,0
ICAM2_ITGAM_ITGB2,ICAM2_ITGAM_ITGB2,ICAM,0,0,0,0
ICAM1_ITGAL_ITGB2L,ICAM1_ITGAL_ITGB2L,ICAM,1.79E-06,0,4.79E-06,0
ICAM2_ITGAL_ITGB2L,ICAM2_ITGAL_ITGB2L,ICAM,0,0,0,0
ICAM1_ITGAM_ITGB2L,ICAM1_ITGAM_ITGB2L,ICAM,1.79E-06,0,4.79E-06,0
ICAM2_ITGAM_ITGB2L,ICAM2_ITGAM_ITGB2L,ICAM,0,0,0,0
ICAM1_ITGAL,ICAM1_ITGAL,ICAM,4.39E-05,0,3.75E-05,0
ICAM1_SPN,ICAM1_SPN,ICAM,0,0,3.99E-06,0
ICAM5_CD209A,ICAM5_CD209A,ICAM,0,7.43E-06,0,0
ICAM5_CD209F,ICAM5_CD209F,ICAM,0,0,0,0
ICOSL_ICOS,ICOSL_ICOS,ICOS,0,0,0,0
ICOSL_CD28,ICOSL_CD28,ICOS,0,0,0,0
ICOSL_CTLA4,ICOSL_CTLA4,ICOS,0,0,0,0
ITGB2_CD226,ITGB2_CD226,ITGAL-ITGB2,3.59E-06,2.48E-06,0,0
ITGB2_ICAM1,ITGB2_ICAM1,ITGAL-ITGB2,1.97E-05,1.49E-05,0,0
ITGB2_ICAM2,ITGB2_ICAM2,ITGAL-ITGB2,0,3.72E-06,0,0
ITGB2L_CD226,ITGB2L_CD226,ITGAL-ITGB2,0,0,0,0
ITGB2L_ICAM1,ITGB2L_ICAM1,ITGAL-ITGB2,0,0,0,0
ITGB2L_ICAM2,ITGB2L_ICAM2,ITGAL-ITGB2,0,0,0,0
JAM2_ITGA3_ITGB1,JAM2_ITGA3_ITGB1,JAM,0.000219594,0.001196255,0.002831912,0.00059911
JAM2_ITGAV_ITGB1,JAM2_ITGAV_ITGB1,JAM,0.003601346,0.001595007,0.001929434,0.001882917
JAM3_ITGAM_ITGB2,JAM3_ITGAM_ITGB2,JAM,0.000182846,0.000190707,0.000193901,2.57E-05
JAM3_ITGAM_ITGB2L,JAM3_ITGAM_ITGB2L,JAM,9.14E-05,0.000953537,0.000387802,0
JAM2_JAM3,JAM2_JAM3,JAM,0.016162138,0.012873985,0.040487003,0.036203355
F11R_F11R,F11R_F11R,JAM,0.007514605,0.005999851,0.007928395,0.002293735
F11R_JAM2,F11R_JAM2,JAM,0.013709852,0.01849366,0.01816924,0.005066758
F11R_JAM3,F11R_JAM3,JAM,0.021109731,0.031905092,0.071630851,0.028962684
JAM2_F11R,JAM2_F11R,JAM,0.00575337,0.002420993,0.004481267,0.002867169
JAM2_JAM2,JAM2_JAM2,JAM,0.010496606,0.007462354,0.01026957,0.006333447
JAM3_F11R,JAM3_F11R,JAM,0.005988201,0.008105062,0.009307247,0.000860151
JAM3_JAM2,JAM3_JAM2,JAM,0.010925039,0.024982663,0.021329107,0.001900034
JAM3_JAM3,JAM3_JAM3,JAM,0.016821817,0.043099861,0.08408839,0.010861007
L1CAM_ITGAV_ITGB3,L1CAM_ITGAV_ITGB3,L1CAM,0,0,4.95E-05,0
L1CAM_ITGA4_ITGB7,L1CAM_ITGA4_ITGB7,L1CAM,0,0,1.12E-05,0
L1CAM_L1CAM,L1CAM_L1CAM,L1CAM,0,0,4.79E-06,0
LAIR1_PIRA2,LAIR1_PIRA2,LAIR1,2.96E-05,7.43E-06,0.000206668,0.000239644
MADCAM1_ITGA4_ITGB7,MADCAM1_ITGA4_ITGB7,MADCAM,0,0,0,0
MAG_MAG,MAG_MAG,MAG,0.00034418,0,0,0.000145498
H2-M3_CD8B1,H2-M3_CD8B1,MHC-I,0.000810258,0,0.000910457,0
H2-Q10_CD8B1,H2-Q10_CD8B1,MHC-I,0,0,0,0
H2-Q2_CD8B1,H2-Q2_CD8B1,MHC-I,0,0,0,0
H2-Q7_CD8B1,H2-Q7_CD8B1,MHC-I,0,0,0.000910457,0
H2-T22_CD8B1,H2-T22_CD8B1,MHC-I,0.001620516,0,0.000910457,0
H2-T23_CD8B1,H2-T23_CD8B1,MHC-I,0,0.007316227,0,0
H2-T24_CD8B1,H2-T24_CD8B1,MHC-I,0.001620516,0.014632455,0.009104568,0.000898665
H2-T3_CD8B1,H2-T3_CD8B1,MHC-I,0,0,0,0
H2-M10.4_CD8B1,H2-M10.4_CD8B1,MHC-I,0,0,0,0
H2-M10.2_CD8B1,H2-M10.2_CD8B1,MHC-I,0,0,0,0
H2-Q6_CD8B1,H2-Q6_CD8B1,MHC-I,0,0,0.000910457,0
H2-M10.3_CD8B1,H2-M10.3_CD8B1,MHC-I,0,0,0,0
H2-D1_CD8B1,H2-D1_CD8B1,MHC-I,0.00405129,0.018290569,0.008194112,0.000718932
H2-K1_CD8B1,H2-K1_CD8B1,MHC-I,0.013369257,0.076820388,0.015477766,0.000718932
H2-Q4_CD8B1,H2-Q4_CD8B1,MHC-I,0.002025645,0.010974341,0.000910457,0
H2-M5_CD8B1,H2-M5_CD8B1,MHC-I,0,0,0.000910457,0.000539199
H2-D1_KIR3DL1,H2-D1_KIR3DL1,MHC-I,1.79E-05,1.86E-05,4.31E-05,2.57E-05
H2-K1_KIR3DL1,H2-K1_KIR3DL1,MHC-I,5.92E-05,7.80E-05,8.14E-05,2.57E-05
H2-Q10_KIR3DL1,H2-Q10_KIR3DL1,MHC-I,0,0,0,0
H2-Q2_KIR3DL1,H2-Q2_KIR3DL1,MHC-I,0,0,0,0
H2-Q4_KIR3DL1,H2-Q4_KIR3DL1,MHC-I,8.96E-06,1.11E-05,4.79E-06,0
H2-Q6_KIR3DL1,H2-Q6_KIR3DL1,MHC-I,0,0,4.79E-06,0
H2-Q7_KIR3DL1,H2-Q7_KIR3DL1,MHC-I,0,0,4.79E-06,0
ULBP1_KLRK1,ULBP1_KLRK1,MHC-I,3.05E-05,0,0,0
H2-AA_CD4,H2-AA_CD4,MHC-II,3.05E-05,9.41E-05,0.000186719,6.42E-05
H2-AB1_CD4,H2-AB1_CD4,MHC-II,0.000121897,0.001505845,0.0001556,0.000106984
H2-EB1_CD4,H2-EB1_CD4,MHC-II,7.62E-05,0,9.34E-05,8.56E-05
H2-DMA_CD4,H2-DMA_CD4,MHC-II,0.000137134,0.001505845,0.000591278,6.42E-05
H2-DMB1_CD4,H2-DMB1_CD4,MHC-II,3.05E-05,0,0.000217839,2.14E-05
H2-DMB2_CD4,H2-DMB2_CD4,MHC-II,0,0,0,0
H2-OB_CD4,H2-OB_CD4,MHC-II,0,0,0,0
MPZ_MPZL1,MPZ_MPZL1,MPZ,0.000293091,0,0.000577713,0
MPZ_MPZ,MPZ_MPZ,MPZ,1.17E-05,0,0.000461213,0
MPZL1_MPZL1,MPZL1_MPZL1,MPZ,0.050704763,0.021076877,0.034373935,0.022154228
NCAM1_FGFR1,NCAM1_FGFR1,NCAM,0.000161335,0,0.005218569,0.005353475
NCAM1_NCAM1,NCAM1_NCAM1,NCAM,0.000849695,0,0.01771441,0.056128038
NCAM1_NCAM2,NCAM1_NCAM2,NCAM,7.53E-05,0,0.000766029,0.00073177
NCAM1_L1CAM,NCAM1_L1CAM,NCAM,3.59E-06,0,4.79E-05,3.85E-05
NCAM2_L1CAM,NCAM2_L1CAM,NCAM,5.38E-06,6.19E-06,0,0
NECTIN1_CADM3,NECTIN1_CADM3,NECTIN,0,0,7.98E-06,0
NECTIN1_CD96,NECTIN1_CD96,NECTIN,0.001349832,0.002080444,0.000555371,0
NECTIN1_NECTIN4,NECTIN1_NECTIN4,NECTIN,0.002973934,0.016990291,0.001056481,0
NECTIN3_NECTIN1,NECTIN3_NECTIN1,NECTIN,0.004723517,0.01220527,0.004351202,0.000659021
NECTIN3_NECTIN2,NECTIN3_NECTIN2,NECTIN,0.008792733,0.018429265,0.008687243,0.001318042
NECTIN3_PVR,NECTIN3_PVR,NECTIN,0.000286817,0.000346741,0.000409347,0.000128381
NECTIN3_TIGIT,NECTIN3_TIGIT,NECTIN,0.000215113,0.000918863,0.001364488,0.000564875
NECTIN2_CD226,NECTIN2_CD226,NECTIN,0.000109349,0.00030216,0.000153206,3.42E-05
NECTIN2_TIGIT,NECTIN2_TIGIT,NECTIN,0.001312188,0.008007232,0.006894257,0.0022595
NECTIN1_NECTIN3,NECTIN1_NECTIN3,NECTIN,0.008574932,0.016752526,0.002829518,0
NEGR1_NEGR1,NEGR1_NEGR1,NEGR,0.010215167,0.002957202,0.00911574,0.012174769
LRRC4C_NTNG1,LRRC4C_NTNG1,NGL,0.000600523,0,0,0.000787402
LRRC4_NTNG2,LRRC4_NTNG2,NGL,0.003006201,0.007764514,0.008115115,0.005830623
LRRC4B_PTPRF,LRRC4B_PTPRF,NGL,0,0,0,0.000472869
ULBP1_KLRK1_HCST,ULBP1_KLRK1_HCST,NKG2D,1.79E-06,0,0,0
DLK1_NOTCH1,DLK1_NOTCH1,NOTCH,0,0,0,0
DLK1_NOTCH2,DLK1_NOTCH2,NOTCH,0,0,0,0
DLK1_NOTCH3,DLK1_NOTCH3,NOTCH,0,0,0,0
DLK1_NOTCH4,DLK1_NOTCH4,NOTCH,0,0,0,0
DLL1_NOTCH1,DLL1_NOTCH1,NOTCH,0,0,0,0
DLL1_NOTCH3,DLL1_NOTCH3,NOTCH,0,0,0,0
DLL1_NOTCH4,DLL1_NOTCH4,NOTCH,0,0,0,0
DLL3_NOTCH1,DLL3_NOTCH1,NOTCH,0.000179261,9.66E-05,0.000344713,9.63E-05
DLL3_NOTCH2,DLL3_NOTCH2,NOTCH,0.000487589,0.000265009,0.000840238,0.000577713
DLL3_NOTCH3,DLL3_NOTCH3,NOTCH,5.02E-05,8.17E-05,0.000344713,0.000121962
DLL3_NOTCH4,DLL3_NOTCH4,NOTCH,0.000100386,9.91E-05,0.002111366,0.001668949
DLL4_NOTCH1,DLL4_NOTCH1,NOTCH,0,0,3.83E-05,0
DLL4_NOTCH2,DLL4_NOTCH2,NOTCH,0,0,9.34E-05,0
DLL4_NOTCH3,DLL4_NOTCH3,NOTCH,0,0,3.83E-05,0
DLL4_NOTCH4,DLL4_NOTCH4,NOTCH,0,0,0.000234596,0
JAG1_NOTCH1,JAG1_NOTCH1,NOTCH,0.000134445,4.83E-05,0.000114904,0
JAG1_NOTCH2,JAG1_NOTCH2,NOTCH,0.000365692,0.000132504,0.000280079,0
JAG1_NOTCH3,JAG1_NOTCH3,NOTCH,3.76E-05,4.09E-05,0.000114904,0
JAG1_NOTCH4,JAG1_NOTCH4,NOTCH,7.53E-05,4.95E-05,0.000703789,0
JAG2_NOTCH1,JAG2_NOTCH1,NOTCH,0.000179261,4.83E-05,0,0
JAG2_NOTCH2,JAG2_NOTCH2,NOTCH,0.000487589,0.000132504,0,0
JAG2_NOTCH3,JAG2_NOTCH3,NOTCH,5.02E-05,4.09E-05,0,0
JAG2_NOTCH4,JAG2_NOTCH4,NOTCH,0.000100386,4.95E-05,0,0
DLL1_NOTCH2,DLL1_NOTCH2,NOTCH,0,0,0,0
NRXN1_NLGN1,NRXN1_NLGN1,NRXN,0.049239308,0.001939271,0.002332397,0.006470387
NRXN1_NLGN2,NRXN1_NLGN2,NRXN,0.002308877,0.001292847,0.001151437,0.000688976
NRXN1_NLGN3,NRXN1_NLGN3,NRXN,0.000803088,0.000430949,0.000472384,0.000209688
NRXN2_NLGN1,NRXN2_NLGN1,NRXN,0,0.000133743,0.000315189,0
NRXN2_NLGN2,NRXN2_NLGN2,NRXN,0,8.92E-05,0.0001556,0
NRXN2_NLGN3,NRXN2_NLGN3,NRXN,0,2.97E-05,6.38E-05,0
NRXN3_NLGN1,NRXN3_NLGN1,NRXN,0.014068374,0.000401228,0.001323793,0.002773023
NRXN3_NLGN2,NRXN3_NLGN2,NRXN,0.000659679,0.000267486,0.000653518,0.000295276
NRXN3_NLGN3,NRXN3_NLGN3,NRXN,0.000229454,8.92E-05,0.00026811,8.99E-05
OCLN_OCLN,OCLN_OCLN,OCLN,0.000564671,0.002440806,0.003455906,0.000342349
PECAM1_PECAM1,PECAM1_PECAM1,PECAM1,0.00024738,4.71E-05,6.62E-05,0
PTPRM_PTPRM,PTPRM_PTPRM,PTPRM,0.029775189,0.066492471,0.037509865,0.038608353
PVR_CD226,PVR_CD226,PVR,1.61E-05,2.48E-05,3.99E-05,3.21E-05
PVR_TIGIT,PVR_TIGIT,PVR,0.000193601,0.00065633,0.001795379,0.002118281
SELE_CD44,SELE_CD44,SELE,0,0,2.31E-05,0
SELE_GLG1,SELE_GLG1,SELE,0,0,0.0007381,0
SELL_CD34,SELL_CD34,SELL,0,5.32E-05,0.0001165,0.000648322
SELL_PODXL,SELL_PODXL,SELL,0,1.36E-05,5.27E-05,2.14E-05
SELL_MADCAM1,SELL_MADCAM1,SELL,0,2.48E-06,9.58E-06,0
SELPLG_SELE,SELPLG_SELE,SELPLG,3.59E-05,6.19E-05,0.000132459,0
SELPLG_SELL,SELPLG_SELL,SELPLG,2.24E-05,0.000179562,0.000110117,0
SELPLG_SELP,SELPLG_SELP,SELPLG,3.50E-05,9.29E-05,4.47E-05,0
SEMA4A_NRP1_PLXNA1,SEMA4A_NRP1_PLXNA1,SEMA4,0.000129964,0.000346741,0.000179538,0.000126241
SEMA4A_NRP1_PLXNA2,SEMA4A_NRP1_PLXNA2,SEMA4,0.000129964,0.000346741,0.000179538,0.000126241
SEMA4A_NRP1_PLXNA3,SEMA4A_NRP1_PLXNA3,SEMA4,6.27E-05,6.93E-05,8.38E-05,1.28E-05
SEMA4A_NRP1_PLXNA4,SEMA4A_NRP1_PLXNA4,SEMA4,0.000129964,0.000346741,0.000179538,0.000126241
SEMA4A_PLXNB1,SEMA4A_PLXNB1,SEMA4,0.000551226,0.001473648,0.000510686,0.000128381
SEMA4A_PLXNB2,SEMA4A_PLXNB2,SEMA4,0.002496204,0.003207351,0.001723564,0.001039884
SEMA4A_PLXNB3,SEMA4A_PLXNB3,SEMA4,8.96E-06,4.33E-05,1.99E-05,2.14E-06
SEMA4D_PLXNB1,SEMA4D_PLXNB1,SEMA4,0.000551226,0.000421042,0.000306411,0.000770284
SEMA4D_PLXNB2,SEMA4D_PLXNB2,SEMA4,0.002496204,0.000916386,0.001034139,0.006239302
SEMA4D_PLXNB3,SEMA4D_PLXNB3,SEMA4,8.96E-06,1.24E-05,1.20E-05,1.28E-05
SEMA4C_PLXNB2,SEMA4C_PLXNB2,SEMA4,0,0.001374579,0.000689426,0.001039884
SEMA4G_PLXNB2,SEMA4G_PLXNB2,SEMA4,0.000499241,0.000458193,0,0.001039884
SEMA4A_TIMD2,SEMA4A_TIMD2,SEMA4,6.27E-05,6.93E-05,3.19E-05,1.28E-05
SEMA4D_CD72,SEMA4D_CD72,SEMA4,0.00153716,0.000423519,0.000335137,0.001514892
SEMA5A_PLXNA1,SEMA5A_PLXNA1,SEMA5,0.027265541,0.027157222,0.015473777,0.008391818
SEMA5B_PLXNA1,SEMA5B_PLXNA1,SEMA5,0.102245777,0.25016594,0.121492128,0.028975522
SEMA5A_PLXNA3,SEMA5A_PLXNA3,SEMA5,0.001957526,0.000842084,0.001692444,0.000680418
SEMA5B_PLXNA3,SEMA5B_PLXNA3,SEMA5,0.007340722,0.007757083,0.013288201,0.002349367
SEMA5A_PLXNB3,SEMA5A_PLXNB3,SEMA5,0.000279647,0.000526303,0.000402963,0.000113403
SEMA6D_PLXNA1_KDR,SEMA6D_PLXNA1_KDR,SEMA6,4.03E-05,0.000190707,0.000395781,0.000273879
SEMA6D_PLXNA1_TREM2,SEMA6D_PLXNA1_TREM2,SEMA6,5.38E-06,1.73E-05,3.83E-05,8.56E-06
SEMA6D_PLXNA1,SEMA6D_PLXNA1,SEMA6,0.000524337,0.002236477,0.001225646,0.000633345
SEMA6A_PLXNA2,SEMA6A_PLXNA2,SEMA6,0.009708755,0.098434714,0.083597653,0.008766262
SEMA6B_PLXNA2,SEMA6B_PLXNA2,SEMA6,0.021844699,0.002139885,0,0
SEMA6A_PLXNA4,SEMA6A_PLXNA4,SEMA6,0.001140098,0.006323063,0.019193803,0.010184868
SEMA6B_PLXNA4,SEMA6B_PLXNA4,SEMA6,0.002565219,0.000137458,0,0
SEMA7A_ITGB1_ITGA1,SEMA7A_ITGB1_ITGA1,SEMA7,0.004302255,0.010649891,0.019220135,0.009585758
SEMA7A_PLXNC1,SEMA7A_PLXNC1,SEMA7,0.003671258,0.009349614,0.007528624,0.003915611
SIGLEC1_SPN,SIGLEC1_SPN,SN,0,1.24E-06,0,0
THY1_ITGAM_ITGB2,THY1_ITGAM_ITGB2,THY1,0,0,4.79E-06,8.56E-06
THY1_ITGAX_ITGB2,THY1_ITGAX_ITGB2,THY1,0,0,4.79E-06,8.56E-06
THY1_ITGAV_ITGB3,THY1_ITGAV_ITGB3,THY1,0,0,9.89E-05,0.000149777
TIGIT_NECTIN2,TIGIT_NECTIN2,TIGIT,0.000879273,0.002632752,0,0.00032951
TIGIT_PVR,TIGIT_PVR,TIGIT,2.87E-05,4.95E-05,0,3.21E-05
ITGA4_ITGB1_VCAM1,ITGA4_ITGB1_VCAM1,VCAM,7.35E-05,0,0.000109319,0.000177593
ITGA9_ITGB1_VCAM1,ITGA9_ITGB1_VCAM1,VCAM,0.000440981,0.000485437,0.001202505,0
ITGA4_ITGB7_VCAM1,ITGA4_ITGB7_VCAM1,VCAM,9.86E-06,0,1.12E-05,1.71E-05
VSIR_IGSF11,VSIR_IGSF11,VISTA,0.028790152,0.005529275,0.015586287,0.025445053
